timestamp,temperature,precipitation,snowfall,wind_speed,humidity,weather_code
2024-01-01T00:00,1.9,0.0,0.0,6.3,74,3
2024-01-01T01:00,1.8,0.0,0.0,8.9,76,3
2024-01-01T02:00,2.8,0.0,0.0,11.4,74,3
2024-01-01T03:00,2.9,0.0,0.0,9.7,74,3
2024-01-01T04:00,2.8,0.0,0.0,8.1,76,2
2024-01-01T05:00,0.7,0.0,0.0,7.5,88,3
2024-01-01T06:00,0.2,0.0,0.0,8.6,91,3
2024-01-01T07:00,1.5,0.0,0.0,3.7,88,3
2024-01-01T08:00,1.9,0.0,0.0,5.0,86,3
2024-01-01T09:00,3.2,0.0,0.0,4.7,81,3
2024-01-01T10:00,3.8,0.0,0.0,5.0,77,3
2024-01-01T11:00,4.7,0.0,0.0,6.8,72,2
2024-01-01T12:00,5.6,0.0,0.0,6.5,69,1
2024-01-01T13:00,6.7,0.0,0.0,6.2,64,1
2024-01-01T14:00,7.7,0.0,0.0,8.2,59,3
2024-01-01T15:00,7.5,0.0,0.0,8.6,59,3
2024-01-01T16:00,7.3,0.0,0.0,8.9,58,3
2024-01-01T17:00,7.0,0.0,0.0,8.0,59,3
2024-01-01T18:00,4.8,0.0,0.0,6.8,72,0
2024-01-01T19:00,3.3,0.0,0.0,7.1,79,3
2024-01-01T20:00,2.0,0.0,0.0,7.1,87,1
2024-01-01T21:00,2.2,0.0,0.0,11.2,79,0
2024-01-01T22:00,1.7,0.0,0.0,13.7,70,0
2024-01-01T23:00,0.7,0.0,0.0,14.3,73,0
2024-01-02T00:00,-0.3,0.0,0.0,13.7,78,0
2024-01-02T01:00,-1.1,0.0,0.0,12.8,78,0
2024-01-02T02:00,-1.8,0.0,0.0,12.4,79,0
2024-01-02T03:00,-2.2,0.0,0.0,10.8,79,0
2024-01-02T04:00,-2.8,0.0,0.0,9.7,80,0
2024-01-02T05:00,-3.4,0.0,0.0,8.8,83,0
2024-01-02T06:00,-3.9,0.0,0.0,8.4,87,0
2024-01-02T07:00,-4.2,0.0,0.0,7.0,88,0
2024-01-02T08:00,-4.6,0.0,0.0,6.4,89,0
2024-01-02T09:00,-2.8,0.0,0.0,8.1,80,0
2024-01-02T10:00,-0.9,0.0,0.0,9.0,67,0
2024-01-02T11:00,0.6,0.0,0.0,9.6,61,0
2024-01-02T12:00,2.2,0.0,0.0,9.2,59,0
2024-01-02T13:00,3.7,0.0,0.0,9.9,54,0
2024-01-02T14:00,4.8,0.0,0.0,10.8,50,0
2024-01-02T15:00,5.6,0.0,0.0,12.0,48,0
2024-01-02T16:00,5.7,0.0,0.0,11.8,47,0
2024-01-02T17:00,4.9,0.0,0.0,7.7,53,0
2024-01-02T18:00,1.5,0.0,0.0,9.6,69,0
2024-01-02T19:00,0.4,0.0,0.0,9.7,76,0
2024-01-02T20:00,0.0,0.0,0.0,7.6,79,0
2024-01-02T21:00,-0.1,0.0,0.0,7.6,78,0
2024-01-02T22:00,-0.6,0.0,0.0,8.5,80,0
2024-01-02T23:00,-0.6,0.0,0.0,8.6,76,0
2024-01-03T00:00,-1.1,0.0,0.0,7.8,77,0
2024-01-03T01:00,-1.5,0.0,0.0,8.0,80,2
2024-01-03T02:00,-1.6,0.0,0.0,8.8,81,0
2024-01-03T03:00,-2.0,0.0,0.0,8.0,84,1
2024-01-03T04:00,-2.2,0.0,0.0,8.0,85,3
2024-01-03T05:00,-2.3,0.0,0.0,8.0,85,3
2024-01-03T06:00,-2.2,0.0,0.0,8.0,84,3
2024-01-03T07:00,-2.1,0.0,0.0,7.6,83,3
2024-01-03T08:00,-1.9,0.0,0.0,7.7,82,3
2024-01-03T09:00,-0.6,0.0,0.0,9.8,77,0
2024-01-03T10:00,1.1,0.0,0.0,9.4,74,0
2024-01-03T11:00,3.0,0.0,0.0,10.2,65,0
2024-01-03T12:00,4.4,0.0,0.0,9.7,61,0
2024-01-03T13:00,5.4,0.0,0.0,10.7,58,1
2024-01-03T14:00,7.7,0.0,0.0,13.3,48,3
2024-01-03T15:00,7.4,0.0,0.0,13.3,50,0
2024-01-03T16:00,7.3,0.0,0.0,10.3,51,0
2024-01-03T17:00,5.9,0.0,0.0,8.9,59,0
2024-01-03T18:00,3.6,0.0,0.0,14.4,67,0
2024-01-03T19:00,3.1,0.0,0.0,13.0,69,3
2024-01-03T20:00,2.0,0.0,0.0,8.6,77,3
2024-01-03T21:00,1.7,0.0,0.0,8.2,75,3
2024-01-03T22:00,0.6,0.0,0.0,5.8,82,3
2024-01-03T23:00,-0.6,0.0,0.0,8.0,89,3
2024-01-04T00:00,-0.1,0.0,0.0,4.9,87,3
2024-01-04T01:00,0.9,0.0,0.0,4.3,81,3
2024-01-04T02:00,0.9,0.0,0.0,2.4,83,3
2024-01-04T03:00,0.8,0.0,0.0,4.3,86,3
2024-01-04T04:00,0.4,0.0,0.0,3.7,87,3
2024-01-04T05:00,0.3,0.0,0.0,5.8,86,3
2024-01-04T06:00,0.7,0.0,0.0,5.7,82,3
2024-01-04T07:00,0.5,0.0,0.0,5.3,85,3
2024-01-04T08:00,0.6,0.0,0.0,5.7,86,3
2024-01-04T09:00,1.1,0.0,0.0,4.2,84,3
2024-01-04T10:00,2.3,0.0,0.0,7.5,81,3
2024-01-04T11:00,3.9,0.0,0.0,7.6,72,3
2024-01-04T12:00,5.7,0.0,0.0,16.4,59,1
2024-01-04T13:00,6.8,0.0,0.0,23.1,49,2
2024-01-04T14:00,6.8,0.0,0.0,25.8,47,2
2024-01-04T15:00,6.4,0.0,0.0,26.9,47,2
2024-01-04T16:00,5.4,0.0,0.0,25.7,49,0
2024-01-04T17:00,4.3,0.0,0.0,23.5,42,0
2024-01-04T18:00,2.4,0.0,0.0,23.7,43,0
2024-01-04T19:00,0.8,0.0,0.0,23.3,43,0
2024-01-04T20:00,-0.4,0.0,0.0,23.4,40,0
2024-01-04T21:00,-0.1,0.0,0.0,24.6,40,0
2024-01-04T22:00,-1.0,0.0,0.0,22.1,43,0
2024-01-04T23:00,-2.1,0.0,0.0,21.3,49,0
2024-01-05T00:00,-3.0,0.0,0.0,20.5,54,0
2024-01-05T01:00,-3.8,0.0,0.0,18.5,57,0
2024-01-05T02:00,-4.2,0.0,0.0,17.6,59,0
2024-01-05T03:00,-4.5,0.0,0.0,17.0,60,0
2024-01-05T04:00,-4.7,0.0,0.0,15.1,62,0
2024-01-05T05:00,-4.8,0.0,0.0,11.8,65,2
2024-01-05T06:00,-5.0,0.0,0.0,9.9,69,3
2024-01-05T07:00,-5.1,0.0,0.0,8.0,71,0
2024-01-05T08:00,-5.3,0.0,0.0,7.2,74,0
2024-01-05T09:00,-4.2,0.0,0.0,10.1,70,0
2024-01-05T10:00,-2.3,0.0,0.0,11.5,60,0
2024-01-05T11:00,-0.9,0.0,0.0,12.4,52,0
2024-01-05T12:00,0.1,0.0,0.0,12.8,50,0
2024-01-05T13:00,1.1,0.0,0.0,12.8,48,0
2024-01-05T14:00,2.1,0.0,0.0,13.8,45,0
2024-01-05T15:00,2.8,0.0,0.0,13.1,44,0
2024-01-05T16:00,3.1,0.0,0.0,11.9,44,0
2024-01-05T17:00,2.4,0.0,0.0,8.2,49,0
2024-01-05T18:00,0.2,0.0,0.0,10.2,60,0
2024-01-05T19:00,-0.6,0.0,0.0,11.1,66,3
2024-01-05T20:00,-0.9,0.0,0.0,12.1,69,3
2024-01-05T21:00,-1.0,0.0,0.0,9.0,69,3
2024-01-05T22:00,-1.6,0.0,0.0,9.8,73,0
2024-01-05T23:00,-2.5,0.0,0.0,10.0,78,1
2024-01-06T00:00,-3.2,0.0,0.0,8.0,83,2
2024-01-06T01:00,-4.1,0.0,0.0,6.7,87,0
2024-01-06T02:00,-4.4,0.0,0.0,6.2,89,3
2024-01-06T03:00,-4.2,0.0,0.0,7.9,89,2
2024-01-06T04:00,-4.8,0.0,0.0,6.6,90,3
2024-01-06T05:00,-5.2,0.0,0.0,8.4,92,3
2024-01-06T06:00,-3.8,0.0,0.0,5.0,89,3
2024-01-06T07:00,-4.1,0.0,0.0,4.1,93,3
2024-01-06T08:00,-3.8,0.0,0.0,1.8,96,3
2024-01-06T09:00,-3.8,0.0,0.0,3.6,99,3
2024-01-06T10:00,-2.0,0.0,0.0,6.1,82,3
2024-01-06T11:00,-0.5,0.0,0.0,7.8,72,3
2024-01-06T12:00,0.9,0.0,0.0,9.3,68,3
2024-01-06T13:00,1.8,0.0,0.0,10.2,64,3
2024-01-06T14:00,2.3,0.0,0.0,13.3,69,3
2024-01-06T15:00,2.8,0.0,0.0,15.5,68,3
2024-01-06T16:00,2.1,0.2,0.14,14.7,77,71
2024-01-06T17:00,1.8,0.5,0.28,16.3,83,73
2024-01-06T18:00,1.3,1.2,0.7,17.6,92,73
2024-01-06T19:00,1.1,1.8,0.98,19.2,99,75
2024-01-06T20:00,1.0,3.0,1.61,21.5,100,75
2024-01-06T21:00,0.9,1.8,0.84,26.6,99,75
2024-01-06T22:00,1.1,0.9,0.07,28.5,98,71
2024-01-06T23:00,1.1,1.6,0.7,29.1,100,73
2024-01-07T00:00,1.5,0.8,0.0,25.9,100,53
2024-01-07T01:00,1.5,1.0,0.0,23.2,100,55
2024-01-07T02:00,1.6,0.5,0.0,26.2,99,53
2024-01-07T03:00,1.9,0.1,0.0,27.0,98,51
2024-01-07T04:00,2.2,0.0,0.0,26.2,97,3
2024-01-07T05:00,2.3,0.1,0.0,25.8,96,51
2024-01-07T06:00,2.3,0.1,0.0,22.9,96,51
2024-01-07T07:00,2.4,0.2,0.0,20.6,97,51
2024-01-07T08:00,2.5,0.3,0.0,19.4,96,51
2024-01-07T09:00,1.9,0.5,0.0,14.4,93,53
2024-01-07T10:00,1.6,1.0,0.0,14.3,95,55
2024-01-07T11:00,1.5,0.4,0.0,14.6,97,51
2024-01-07T12:00,1.4,1.0,0.42,21.5,98,73
2024-01-07T13:00,1.0,1.1,0.56,13.8,96,73
2024-01-07T14:00,1.5,0.2,0.0,13.9,93,51
2024-01-07T15:00,2.2,0.0,0.0,12.1,86,3
2024-01-07T16:00,2.5,0.0,0.0,9.0,84,3
2024-01-07T17:00,2.0,0.0,0.0,8.6,85,3
2024-01-07T18:00,1.3,0.0,0.0,9.4,86,3
2024-01-07T19:00,0.7,0.0,0.0,8.6,86,3
2024-01-07T20:00,-0.2,0.0,0.0,7.0,90,2
2024-01-07T21:00,0.2,0.0,0.0,12.9,86,1
2024-01-07T22:00,0.6,0.0,0.0,18.3,81,0
2024-01-07T23:00,0.2,0.0,0.0,16.3,81,1
2024-01-08T00:00,-0.5,0.0,0.0,11.4,85,0
2024-01-08T01:00,-0.6,0.0,0.0,11.6,86,0
2024-01-08T02:00,-0.5,0.0,0.0,13.6,84,1
2024-01-08T03:00,-0.3,0.0,0.0,13.8,83,1
2024-01-08T04:00,-0.8,0.0,0.0,12.3,83,1
2024-01-08T05:00,-0.4,0.0,0.0,15.8,80,0
2024-01-08T06:00,-0.6,0.0,0.0,15.3,79,0
2024-01-08T07:00,-0.9,0.0,0.0,15.5,79,0
2024-01-08T08:00,-0.8,0.0,0.0,16.1,77,1
2024-01-08T09:00,0.2,0.0,0.0,16.6,75,0
2024-01-08T10:00,2.0,0.0,0.0,20.1,69,0
2024-01-08T11:00,3.7,0.0,0.0,17.6,63,0
2024-01-08T12:00,4.6,0.0,0.0,15.5,60,0
2024-01-08T13:00,5.6,0.0,0.0,14.8,56,0
2024-01-08T14:00,6.1,0.0,0.0,15.0,53,0
2024-01-08T15:00,6.3,0.0,0.0,13.8,50,0
2024-01-08T16:00,6.2,0.0,0.0,11.7,50,0
2024-01-08T17:00,4.8,0.0,0.0,5.0,62,1
2024-01-08T18:00,4.1,0.0,0.0,6.2,58,0
2024-01-08T19:00,3.2,0.0,0.0,2.6,61,0
2024-01-08T20:00,2.3,0.0,0.0,0.0,64,1
2024-01-08T21:00,-2.5,0.0,0.0,9.0,87,0
2024-01-08T22:00,-3.2,0.0,0.0,8.4,90,0
2024-01-08T23:00,-2.8,0.0,0.0,4.9,92,1
2024-01-09T00:00,-3.6,0.0,0.0,4.0,96,1
2024-01-09T01:00,-3.7,0.0,0.0,2.7,97,1
2024-01-09T02:00,-4.1,0.0,0.0,2.9,95,2
2024-01-09T03:00,-4.3,0.0,0.0,4.2,96,3
2024-01-09T04:00,-4.6,0.0,0.0,4.0,98,3
2024-01-09T05:00,-3.4,0.0,0.0,5.7,97,3
2024-01-09T06:00,-3.2,0.0,0.0,6.1,96,3
2024-01-09T07:00,-1.9,0.0,0.0,6.0,90,3
2024-01-09T08:00,-1.2,0.0,0.0,7.1,88,3
2024-01-09T09:00,0.2,0.0,0.0,8.9,85,3
2024-01-09T10:00,2.7,0.0,0.0,6.4,81,3
2024-01-09T11:00,5.2,0.0,0.0,14.7,72,3
2024-01-09T12:00,5.4,0.1,0.0,21.5,75,51
2024-01-09T13:00,4.6,0.7,0.0,21.3,89,53
2024-01-09T14:00,5.2,0.6,0.0,25.8,90,53
2024-01-09T15:00,6.0,1.0,0.0,30.0,91,55
2024-01-09T16:00,6.2,1.5,0.0,33.2,92,61
2024-01-09T17:00,7.3,1.3,0.0,35.1,91,61
2024-01-09T18:00,8.6,1.0,0.0,33.4,92,55
2024-01-09T19:00,9.6,3.6,0.0,31.3,92,63
2024-01-09T20:00,10.2,3.7,0.0,32.3,91,63
2024-01-09T21:00,11.3,5.5,0.0,46.0,90,63
2024-01-09T22:00,11.8,5.7,0.0,46.0,91,63
2024-01-09T23:00,12.6,6.8,0.0,57.3,91,63
2024-01-10T00:00,13.1,6.5,0.0,48.6,92,63
2024-01-10T01:00,13.0,12.9,0.0,24.8,93,65
2024-01-10T02:00,13.1,8.3,0.0,36.2,92,65
2024-01-10T03:00,13.6,0.4,0.0,42.2,90,51
2024-01-10T04:00,13.8,0.0,0.0,27.5,90,3
2024-01-10T05:00,12.9,0.1,0.0,25.7,92,51
2024-01-10T06:00,10.9,0.0,0.0,28.1,86,1
2024-01-10T07:00,8.6,0.0,0.0,23.2,81,0
2024-01-10T08:00,7.2,0.0,0.0,21.7,75,3
2024-01-10T09:00,8.4,0.0,0.0,20.5,77,3
2024-01-10T10:00,8.6,0.0,0.0,26.9,70,3
2024-01-10T11:00,8.6,0.0,0.0,26.7,62,1
2024-01-10T12:00,9.0,0.0,0.0,35.3,55,1
2024-01-10T13:00,9.3,0.0,0.0,32.7,47,1
2024-01-10T14:00,9.6,0.0,0.0,38.5,44,1
2024-01-10T15:00,8.8,0.0,0.0,38.9,44,3
2024-01-10T16:00,8.6,0.0,0.0,32.0,46,3
2024-01-10T17:00,8.1,0.0,0.0,30.1,48,3
2024-01-10T18:00,6.8,0.0,0.0,24.5,51,2
2024-01-10T19:00,6.2,0.0,0.0,23.0,54,1
2024-01-10T20:00,5.6,0.0,0.0,21.0,56,1
2024-01-10T21:00,6.8,0.0,0.0,17.0,51,1
2024-01-10T22:00,5.6,0.0,0.0,14.8,63,2
2024-01-10T23:00,5.2,0.0,0.0,16.8,71,1
2024-01-11T00:00,5.2,0.0,0.0,19.7,67,3
2024-01-11T01:00,4.3,0.0,0.0,20.3,62,3
2024-01-11T02:00,3.8,0.0,0.0,16.6,64,3
2024-01-11T03:00,3.0,0.0,0.0,13.0,72,0
2024-01-11T04:00,2.2,0.0,0.0,10.6,78,3
2024-01-11T05:00,2.0,0.0,0.0,12.4,74,0
2024-01-11T06:00,1.2,0.0,0.0,12.0,74,0
2024-01-11T07:00,0.6,0.0,0.0,12.1,77,0
2024-01-11T08:00,0.1,0.0,0.0,12.1,80,0
2024-01-11T09:00,2.8,0.0,0.0,13.5,66,0
2024-01-11T10:00,4.1,0.0,0.0,13.4,63,0
2024-01-11T11:00,5.6,0.0,0.0,14.7,57,0
2024-01-11T12:00,6.7,0.0,0.0,17.3,51,0
2024-01-11T13:00,7.7,0.0,0.0,22.3,44,3
2024-01-11T14:00,7.9,0.0,0.0,22.9,45,0
2024-01-11T15:00,8.0,0.0,0.0,18.4,45,0
2024-01-11T16:00,8.1,0.0,0.0,15.8,46,0
2024-01-11T17:00,7.4,0.0,0.0,12.5,51,0
2024-01-11T18:00,4.8,0.0,0.0,8.7,63,0
2024-01-11T19:00,4.0,0.0,0.0,10.0,68,1
2024-01-11T20:00,4.7,0.0,0.0,15.8,65,3
2024-01-11T21:00,4.9,0.0,0.0,15.3,63,2
2024-01-11T22:00,5.0,0.0,0.0,12.0,62,1
2024-01-11T23:00,4.1,0.0,0.0,8.1,69,1
2024-01-12T00:00,3.1,0.0,0.0,12.0,74,0
2024-01-12T01:00,2.5,0.0,0.0,12.4,78,0
2024-01-12T02:00,2.0,0.0,0.0,11.3,82,0
2024-01-12T03:00,1.5,0.0,0.0,10.5,84,0
2024-01-12T04:00,1.2,0.0,0.0,10.0,83,0
2024-01-12T05:00,0.4,0.0,0.0,8.5,85,0
2024-01-12T06:00,-0.4,0.0,0.0,7.8,87,0
2024-01-12T07:00,-1.1,0.0,0.0,8.4,89,1
2024-01-12T08:00,-2.0,0.0,0.0,10.0,90,0
2024-01-12T09:00,0.3,0.0,0.0,5.1,88,3
2024-01-12T10:00,2.9,0.0,0.0,6.6,79,3
2024-01-12T11:00,5.4,0.0,0.0,5.4,69,3
2024-01-12T12:00,7.0,0.0,0.0,6.3,63,3
2024-01-12T13:00,7.8,0.0,0.0,5.2,58,3
2024-01-12T14:00,8.1,0.0,0.0,10.6,56,3
2024-01-12T15:00,8.1,0.0,0.0,16.5,51,3
2024-01-12T16:00,7.2,0.0,0.0,18.9,53,3
2024-01-12T17:00,6.1,0.0,0.0,16.3,68,3
2024-01-12T18:00,4.9,0.0,0.0,15.0,80,3
2024-01-12T19:00,5.3,0.0,0.0,16.4,82,3
2024-01-12T20:00,5.8,0.0,0.0,19.8,80,3
2024-01-12T21:00,6.2,0.0,0.0,22.1,81,3
2024-01-12T22:00,6.6,0.2,0.0,18.4,83,51
2024-01-12T23:00,6.7,0.6,0.0,20.5,87,53
2024-01-13T00:00,7.2,3.2,0.0,28.5,91,63
2024-01-13T01:00,8.1,1.8,0.0,32.1,92,61
2024-01-13T02:00,8.8,3.5,0.0,28.4,93,63
2024-01-13T03:00,10.3,6.8,0.0,30.7,92,63
2024-01-13T04:00,11.0,4.5,0.0,33.2,94,63
2024-01-13T05:00,11.6,1.6,0.0,30.5,92,61
2024-01-13T06:00,11.5,0.0,0.0,22.7,93,3
2024-01-13T07:00,11.1,0.6,0.0,14.8,95,53
2024-01-13T08:00,10.8,0.1,0.0,11.2,97,51
2024-01-13T09:00,14.4,0.0,0.0,20.5,91,2
2024-01-13T10:00,14.6,0.6,0.0,21.1,94,53
2024-01-13T11:00,14.1,0.1,0.0,28.0,84,51
2024-01-13T12:00,13.8,0.1,0.0,32.6,68,51
2024-01-13T13:00,12.9,0.0,0.0,31.9,51,3
2024-01-13T14:00,10.8,0.0,0.0,34.2,49,3
2024-01-13T15:00,8.8,0.0,0.0,28.5,47,3
2024-01-13T16:00,8.6,0.0,0.0,33.4,43,0
2024-01-13T17:00,7.9,0.0,0.0,31.3,38,0
2024-01-13T18:00,6.1,0.0,0.0,31.1,39,0
2024-01-13T19:00,4.2,0.0,0.0,31.8,43,1
2024-01-13T20:00,3.1,0.0,0.0,29.2,43,0
2024-01-13T21:00,4.2,0.0,0.0,26.9,42,1
2024-01-13T22:00,2.9,0.0,0.0,24.5,45,0
2024-01-13T23:00,1.8,0.0,0.0,25.6,47,0
2024-01-14T00:00,1.1,0.0,0.0,25.5,48,0
2024-01-14T01:00,0.4,0.0,0.0,23.1,50,0
2024-01-14T02:00,-0.2,0.0,0.0,21.3,51,0
2024-01-14T03:00,-0.9,0.0,0.0,19.0,53,0
2024-01-14T04:00,-1.3,0.0,0.0,21.5,54,0
2024-01-14T05:00,-1.5,0.0,0.0,20.4,55,0
2024-01-14T06:00,-1.6,0.0,0.0,17.0,56,0
2024-01-14T07:00,-1.9,0.0,0.0,13.7,59,0
2024-01-14T08:00,-2.0,0.0,0.0,14.6,62,0
2024-01-14T09:00,-0.1,0.0,0.0,19.9,59,0
2024-01-14T10:00,1.5,0.0,0.0,21.5,56,0
2024-01-14T11:00,3.2,0.0,0.0,24.7,51,0
2024-01-14T12:00,4.9,0.0,0.0,24.7,48,0
2024-01-14T13:00,6.3,0.1,0.07,29.9,45,71
2024-01-14T14:00,3.3,0.3,0.14,29.8,65,71
2024-01-14T15:00,3.0,0.1,0.07,32.7,42,71
2024-01-14T16:00,2.7,0.0,0.0,33.0,37,0
2024-01-14T17:00,1.4,0.0,0.0,36.4,30,0
2024-01-14T18:00,-0.2,0.0,0.0,29.2,32,1
2024-01-14T19:00,-1.9,0.0,0.0,23.1,33,0
2024-01-14T20:00,-2.7,0.0,0.0,20.7,35,1
2024-01-14T21:00,-2.5,0.0,0.0,19.4,36,1
2024-01-14T22:00,-3.2,0.0,0.0,19.5,38,1
2024-01-14T23:00,-3.8,0.0,0.0,15.9,40,2
2024-01-15T00:00,-4.4,0.0,0.0,10.1,43,0
2024-01-15T01:00,-5.1,0.0,0.0,7.2,47,0
2024-01-15T02:00,-5.3,0.0,0.0,7.9,50,3
2024-01-15T03:00,-5.6,0.0,0.0,8.0,51,1
2024-01-15T04:00,-5.8,0.0,0.0,7.5,51,3
2024-01-15T05:00,-5.4,0.0,0.0,7.2,50,3
2024-01-15T06:00,-5.1,0.0,0.0,8.9,46,2
2024-01-15T07:00,-5.4,0.0,0.0,7.2,47,2
2024-01-15T08:00,-5.8,0.0,0.0,6.6,51,1
2024-01-15T09:00,-5.3,0.0,0.0,9.7,50,0
2024-01-15T10:00,-4.3,0.0,0.0,10.9,40,1
2024-01-15T11:00,-3.3,0.0,0.0,10.5,43,1
2024-01-15T12:00,-2.2,0.0,0.0,10.0,40,1
2024-01-15T13:00,-1.2,0.0,0.0,11.0,38,3
2024-01-15T14:00,-0.9,0.0,0.0,11.4,37,3
2024-01-15T15:00,-0.9,0.0,0.0,11.3,38,3
2024-01-15T16:00,-0.8,0.0,0.0,9.5,40,3
2024-01-15T17:00,-1.1,0.0,0.0,9.7,41,3
2024-01-15T18:00,-1.4,0.0,0.0,8.9,43,3
2024-01-15T19:00,-1.6,0.0,0.0,8.9,47,3
2024-01-15T20:00,-1.9,0.0,0.0,9.8,52,3
2024-01-15T21:00,-2.8,0.1,0.07,10.5,52,71
2024-01-15T22:00,-3.3,0.3,0.21,8.0,61,73
2024-01-15T23:00,-3.7,0.4,0.28,5.5,66,73
2024-01-16T00:00,-3.8,0.3,0.21,6.0,72,73
2024-01-16T01:00,-4.1,0.7,0.49,1.4,79,73
2024-01-16T02:00,-4.1,0.5,0.35,0.8,81,73
2024-01-16T03:00,-4.0,0.5,0.35,5.5,82,73
2024-01-16T04:00,-4.0,0.4,0.28,7.9,83,73
2024-01-16T05:00,-4.0,0.4,0.28,9.2,85,73
2024-01-16T06:00,-3.8,0.6,0.42,11.3,85,73
2024-01-16T07:00,-3.4,0.2,0.14,12.0,84,71
2024-01-16T08:00,-3.1,0.5,0.28,14.6,86,73
2024-01-16T09:00,-2.7,0.3,0.21,13.6,89,73
2024-01-16T10:00,-2.1,0.5,0.28,13.6,90,73
2024-01-16T11:00,-1.8,0.4,0.07,15.5,89,71
2024-01-16T12:00,-1.7,1.4,0.0,14.5,91,61
2024-01-16T13:00,-1.4,0.6,0.0,14.0,94,53
2024-01-16T14:00,-1.0,0.4,0.0,16.6,94,51
2024-01-16T15:00,-0.9,1.3,0.07,23.2,92,71
2024-01-16T16:00,-1.6,0.3,0.14,16.6,90,71
2024-01-16T17:00,-1.0,0.1,0.07,16.5,86,71
2024-01-16T18:00,-1.1,0.1,0.07,14.5,85,71
2024-01-16T19:00,-1.0,0.0,0.0,18.9,80,3
2024-01-16T20:00,-2.1,0.0,0.0,19.8,76,3
2024-01-16T21:00,-3.9,0.0,0.0,19.6,75,3
2024-01-16T22:00,-4.7,0.0,0.0,22.5,70,0
2024-01-16T23:00,-5.7,0.0,0.0,20.5,64,0
2024-01-17T00:00,-6.3,0.0,0.0,15.2,68,0
2024-01-17T01:00,-6.4,0.0,0.0,17.2,66,0
2024-01-17T02:00,-6.8,0.0,0.0,17.7,64,0
2024-01-17T03:00,-7.1,0.0,0.0,18.4,63,0
2024-01-17T04:00,-7.4,0.0,0.0,17.4,64,0
2024-01-17T05:00,-7.8,0.0,0.0,16.3,63,0
2024-01-17T06:00,-8.1,0.0,0.0,15.3,63,0
2024-01-17T07:00,-8.5,0.0,0.0,15.4,64,0
2024-01-17T08:00,-8.9,0.0,0.0,15.5,64,0
2024-01-17T09:00,-8.6,0.0,0.0,16.2,59,0
2024-01-17T10:00,-7.8,0.0,0.0,20.2,53,0
2024-01-17T11:00,-6.8,0.0,0.0,21.7,47,0
2024-01-17T12:00,-5.9,0.0,0.0,21.2,40,0
2024-01-17T13:00,-5.2,0.0,0.0,22.7,35,0
2024-01-17T14:00,-4.5,0.0,0.0,23.8,32,0
2024-01-17T15:00,-4.2,0.0,0.0,23.5,30,0
2024-01-17T16:00,-4.2,0.0,0.0,22.3,30,0
2024-01-17T17:00,-4.7,0.0,0.0,21.0,32,0
2024-01-17T18:00,-5.8,0.0,0.0,15.8,39,0
2024-01-17T19:00,-6.1,0.0,0.0,16.9,43,0
2024-01-17T20:00,-6.0,0.0,0.0,18.4,45,0
2024-01-17T21:00,-6.3,0.0,0.0,18.3,47,0
2024-01-17T22:00,-6.2,0.0,0.0,19.4,46,0
2024-01-17T23:00,-6.2,0.0,0.0,16.2,46,0
2024-01-18T00:00,-6.4,0.0,0.0,15.0,48,0
2024-01-18T01:00,-6.5,0.0,0.0,14.5,51,1
2024-01-18T02:00,-6.6,0.0,0.0,14.7,53,3
2024-01-18T03:00,-6.7,0.0,0.0,13.7,55,1
2024-01-18T04:00,-6.8,0.0,0.0,12.8,56,2
2024-01-18T05:00,-6.8,0.0,0.0,13.5,57,1
2024-01-18T06:00,-6.8,0.0,0.0,11.5,58,3
2024-01-18T07:00,-6.4,0.0,0.0,11.8,58,3
2024-01-18T08:00,-6.2,0.0,0.0,11.2,64,3
2024-01-18T09:00,-4.8,0.0,0.0,11.2,52,3
2024-01-18T10:00,-3.8,0.0,0.0,13.5,47,3
2024-01-18T11:00,-3.0,0.1,0.07,12.1,46,71
2024-01-18T12:00,-2.3,0.1,0.07,16.2,47,71
2024-01-18T13:00,-1.5,0.1,0.07,17.1,47,71
2024-01-18T14:00,-0.4,0.0,0.07,15.2,45,71
2024-01-18T15:00,0.2,0.0,0.0,15.1,44,3
2024-01-18T16:00,0.4,0.0,0.0,13.5,44,3
2024-01-18T17:00,0.2,0.0,0.0,10.7,46,3
2024-01-18T18:00,-1.0,0.0,0.0,7.1,52,3
2024-01-18T19:00,-1.5,0.0,0.0,6.1,55,3
2024-01-18T20:00,-1.5,0.0,0.0,6.4,56,3
2024-01-18T21:00,-1.6,0.0,0.0,7.4,56,3
2024-01-18T22:00,-1.5,0.0,0.0,6.0,56,3
2024-01-18T23:00,-1.8,0.0,0.0,4.0,58,3
2024-01-19T00:00,-2.2,0.0,0.0,4.3,64,3
2024-01-19T01:00,-2.7,0.0,0.0,4.3,69,3
2024-01-19T02:00,-2.8,0.0,0.0,3.6,72,3
2024-01-19T03:00,-2.6,0.0,0.0,6.6,72,3
2024-01-19T04:00,-2.8,0.0,0.0,7.6,73,3
2024-01-19T05:00,-2.7,0.0,0.0,7.1,73,3
2024-01-19T06:00,-2.7,0.1,0.07,7.4,77,71
2024-01-19T07:00,-2.8,0.1,0.07,8.4,81,71
2024-01-19T08:00,-2.9,0.1,0.07,8.8,83,71
2024-01-19T09:00,-2.7,0.2,0.14,6.7,79,71
2024-01-19T10:00,-2.2,0.2,0.14,7.6,76,71
2024-01-19T11:00,-1.6,0.2,0.14,12.5,73,71
2024-01-19T12:00,-1.2,0.3,0.21,16.4,71,73
2024-01-19T13:00,-1.1,0.4,0.28,16.1,71,73
2024-01-19T14:00,-1.0,0.3,0.21,16.3,68,73
2024-01-19T15:00,-0.9,0.2,0.14,16.4,65,71
2024-01-19T16:00,-1.0,0.2,0.14,16.5,65,71
2024-01-19T17:00,-1.6,0.2,0.14,13.0,72,71
2024-01-19T18:00,-2.3,0.1,0.07,13.6,76,71
2024-01-19T19:00,-3.0,0.1,0.07,14.0,75,71
2024-01-19T20:00,-3.6,0.0,0.0,12.8,74,3
2024-01-19T21:00,-4.0,0.0,0.0,10.4,73,3
2024-01-19T22:00,-4.6,0.0,0.0,5.6,80,3
2024-01-19T23:00,-4.0,0.0,0.0,12.6,75,3
2024-01-20T00:00,-4.0,0.0,0.0,16.6,64,1
2024-01-20T01:00,-4.9,0.0,0.0,18.6,63,3
2024-01-20T02:00,-5.7,0.0,0.0,20.2,59,2
2024-01-20T03:00,-6.7,0.0,0.0,20.1,60,0
2024-01-20T04:00,-7.4,0.0,0.0,18.6,62,0
2024-01-20T05:00,-7.8,0.0,0.0,17.5,64,0
2024-01-20T06:00,-7.9,0.0,0.0,15.9,63,0
2024-01-20T07:00,-8.1,0.0,0.0,14.1,64,0
2024-01-20T08:00,-8.1,0.0,0.0,12.5,65,0
2024-01-20T09:00,-7.6,0.0,0.0,15.6,60,0
2024-01-20T10:00,-6.4,0.0,0.0,21.0,49,0
2024-01-20T11:00,-5.5,0.0,0.0,22.0,44,0
2024-01-20T12:00,-4.2,0.0,0.0,23.5,39,2
2024-01-20T13:00,-3.6,0.0,0.0,24.2,39,2
2024-01-20T14:00,-3.3,0.0,0.0,25.1,37,2
2024-01-20T15:00,-3.7,0.0,0.0,25.7,38,3
2024-01-20T16:00,-4.4,0.0,0.0,26.2,40,3
2024-01-20T17:00,-5.3,0.0,0.0,25.2,43,3
2024-01-20T18:00,-6.3,0.0,0.0,21.7,49,3
2024-01-20T19:00,-6.7,0.0,0.0,21.6,50,3
2024-01-20T20:00,-7.0,0.0,0.0,21.9,50,2
2024-01-20T21:00,-7.2,0.0,0.0,23.0,50,3
2024-01-20T22:00,-7.2,0.0,0.0,23.5,51,2
2024-01-20T23:00,-7.5,0.0,0.0,22.8,54,2
2024-01-21T00:00,-7.3,0.0,0.0,22.7,56,3
2024-01-21T01:00,-7.2,0.0,0.0,20.9,58,1
2024-01-21T02:00,-7.1,0.0,0.0,19.1,59,1
2024-01-21T03:00,-6.6,0.0,0.0,19.4,58,1
2024-01-21T04:00,-6.7,0.0,0.0,19.1,58,1
2024-01-21T05:00,-6.9,0.0,0.0,19.9,58,0
2024-01-21T06:00,-7.1,0.0,0.0,20.1,57,0
2024-01-21T07:00,-7.2,0.0,0.0,18.8,58,1
2024-01-21T08:00,-7.5,0.0,0.0,17.6,59,0
2024-01-21T09:00,-6.5,0.0,0.0,18.6,55,0
2024-01-21T10:00,-5.6,0.0,0.0,22.5,49,0
2024-01-21T11:00,-4.8,0.0,0.0,23.0,45,0
2024-01-21T12:00,-3.6,0.0,0.0,23.2,41,0
2024-01-21T13:00,-2.6,0.0,0.0,21.8,39,0
2024-01-21T14:00,-1.6,0.0,0.0,22.3,37,0
2024-01-21T15:00,-1.1,0.0,0.0,23.6,37,0
2024-01-21T16:00,-1.1,0.0,0.0,23.1,38,0
2024-01-21T17:00,-1.9,0.0,0.0,20.6,43,0
2024-01-21T18:00,-3.5,0.0,0.0,16.6,51,0
2024-01-21T19:00,-4.4,0.0,0.0,17.1,56,0
2024-01-21T20:00,-4.8,0.0,0.0,16.8,59,0
2024-01-21T21:00,-4.3,0.0,0.0,17.4,55,0
2024-01-21T22:00,-4.8,0.0,0.0,15.3,58,0
2024-01-21T23:00,-5.2,0.0,0.0,13.2,62,0
2024-01-22T00:00,-5.7,0.0,0.0,13.0,65,0
2024-01-22T01:00,-5.9,0.0,0.0,12.2,66,0
2024-01-22T02:00,-6.1,0.0,0.0,10.8,66,0
2024-01-22T03:00,-6.3,0.0,0.0,9.2,67,0
2024-01-22T04:00,-6.4,0.0,0.0,8.1,67,0
2024-01-22T05:00,-6.5,0.0,0.0,7.2,68,0
2024-01-22T06:00,-6.8,0.0,0.0,5.9,70,0
2024-01-22T07:00,-6.8,0.0,0.0,6.8,71,0
2024-01-22T08:00,-6.9,0.0,0.0,7.6,73,0
2024-01-22T09:00,-5.9,0.0,0.0,9.4,67,0
2024-01-22T10:00,-3.5,0.0,0.0,8.2,56,0
2024-01-22T11:00,-1.8,0.0,0.0,8.0,47,0
2024-01-22T12:00,0.0,0.0,0.0,10.2,41,3
2024-01-22T13:00,1.6,0.0,0.0,13.0,36,3
2024-01-22T14:00,2.7,0.0,0.0,14.3,32,3
2024-01-22T15:00,3.5,0.0,0.0,16.6,30,2
2024-01-22T16:00,3.6,0.0,0.0,16.6,30,3
2024-01-22T17:00,2.7,0.0,0.0,14.4,36,3
2024-01-22T18:00,0.9,0.0,0.0,13.2,47,3
2024-01-22T19:00,0.5,0.0,0.0,14.8,52,3
2024-01-22T20:00,-0.1,0.0,0.0,17.6,55,3
2024-01-22T21:00,-1.9,0.0,0.0,17.1,64,3
2024-01-22T22:00,-1.8,0.0,0.0,17.3,63,3
2024-01-22T23:00,-2.5,0.0,0.0,16.6,65,3
2024-01-23T00:00,-1.6,0.0,0.0,18.8,62,3
2024-01-23T01:00,-1.0,0.0,0.0,18.7,60,3
2024-01-23T02:00,-0.5,0.0,0.0,17.2,59,2
2024-01-23T03:00,-1.0,0.0,0.0,12.7,61,2
2024-01-23T04:00,-0.6,0.0,0.0,11.6,60,3
2024-01-23T05:00,-0.4,0.0,0.0,14.6,61,3
2024-01-23T06:00,-0.2,0.0,0.0,12.7,60,2
2024-01-23T07:00,-0.6,0.0,0.0,12.7,62,2
2024-01-23T08:00,-0.7,0.0,0.0,11.3,63,3
2024-01-23T09:00,1.1,0.0,0.0,8.6,54,3
2024-01-23T10:00,2.3,0.0,0.0,9.8,51,3
2024-01-23T11:00,2.7,0.2,0.0,8.7,52,51
2024-01-23T12:00,1.8,0.7,0.0,7.1,80,53
2024-01-23T13:00,2.2,0.5,0.0,6.8,83,53
2024-01-23T14:00,3.0,0.3,0.0,6.8,86,51
2024-01-23T15:00,4.1,0.0,0.0,6.2,72,3
2024-01-23T16:00,4.6,0.0,0.0,6.8,62,3
2024-01-23T17:00,3.8,0.0,0.0,3.1,66,3
2024-01-23T18:00,3.3,0.0,0.0,3.5,69,3
2024-01-23T19:00,1.6,0.0,0.0,5.4,80,3
2024-01-23T20:00,0.6,0.0,0.0,5.5,86,3
2024-01-23T21:00,0.6,0.0,0.0,4.1,90,3
2024-01-23T22:00,0.5,0.0,0.0,3.3,92,2
2024-01-23T23:00,-0.6,0.0,0.0,5.4,95,3
2024-01-24T00:00,0.2,0.0,0.0,5.2,94,3
2024-01-24T01:00,0.3,0.1,0.0,6.2,92,51
2024-01-24T02:00,0.3,0.0,0.0,5.2,88,3
2024-01-24T03:00,0.6,0.0,0.0,7.9,87,3
2024-01-24T04:00,0.6,0.0,0.0,8.0,89,3
2024-01-24T05:00,0.3,0.2,0.0,5.2,95,51
2024-01-24T06:00,0.1,0.2,0.0,6.4,96,51
2024-01-24T07:00,0.8,0.2,0.0,6.5,97,51
2024-01-24T08:00,0.4,0.1,0.0,4.7,97,51
2024-01-24T09:00,1.5,0.2,0.0,6.1,97,51
2024-01-24T10:00,3.2,0.1,0.0,6.5,95,51
2024-01-24T11:00,4.8,0.1,0.0,4.8,96,51
2024-01-24T12:00,5.1,0.2,0.0,5.8,96,51
2024-01-24T13:00,5.2,0.1,0.0,4.7,96,51
2024-01-24T14:00,5.2,0.1,0.0,4.6,97,51
2024-01-24T15:00,5.6,0.0,0.0,4.6,97,3
2024-01-24T16:00,5.2,0.1,0.0,4.9,98,51
2024-01-24T17:00,4.8,0.1,0.0,6.0,98,51
2024-01-24T18:00,4.2,0.2,0.0,6.9,99,51
2024-01-24T19:00,4.0,0.4,0.0,7.1,99,51
2024-01-24T20:00,3.8,0.2,0.0,7.3,100,51
2024-01-24T21:00,3.9,0.4,0.0,6.5,100,51
2024-01-24T22:00,3.8,0.2,0.0,9.4,100,51
2024-01-24T23:00,4.2,0.0,0.0,10.5,100,3
2024-01-25T00:00,5.2,0.3,0.0,8.9,99,51
2024-01-25T01:00,6.8,0.2,0.0,11.5,97,51
2024-01-25T02:00,7.5,0.1,0.0,12.0,97,51
2024-01-25T03:00,8.2,0.4,0.0,16.1,96,51
2024-01-25T04:00,9.2,0.3,0.0,20.3,95,51
2024-01-25T05:00,9.6,0.1,0.0,21.2,94,51
2024-01-25T06:00,9.9,0.3,0.0,19.7,95,51
2024-01-25T07:00,9.9,0.3,0.0,14.2,96,51
2024-01-25T08:00,9.1,0.2,0.0,8.3,97,51
2024-01-25T09:00,8.1,0.5,0.0,9.5,100,53
2024-01-25T10:00,8.9,0.4,0.0,7.2,99,51
2024-01-25T11:00,8.8,1.2,0.0,7.0,98,55
2024-01-25T12:00,9.4,0.7,0.0,7.2,97,53
2024-01-25T13:00,11.4,0.1,0.0,8.2,94,51
2024-01-25T14:00,11.1,0.1,0.0,7.2,93,51
2024-01-25T15:00,10.9,0.1,0.0,6.6,93,51
2024-01-25T16:00,10.0,0.1,0.0,6.9,97,51
2024-01-25T17:00,9.3,0.1,0.0,5.8,97,51
2024-01-25T18:00,8.1,0.0,0.0,6.8,98,3
2024-01-25T19:00,8.2,0.0,0.0,8.5,97,3
2024-01-25T20:00,8.1,0.1,0.0,7.6,97,51
2024-01-25T21:00,8.1,0.0,0.0,7.5,99,3
2024-01-25T22:00,8.4,0.0,0.0,9.5,99,3
2024-01-25T23:00,7.9,0.0,0.0,11.4,99,3
2024-01-26T00:00,7.9,0.1,0.0,13.2,99,51
2024-01-26T01:00,8.1,0.1,0.0,12.1,98,51
2024-01-26T02:00,7.7,0.2,0.0,14.5,98,51
2024-01-26T03:00,6.7,0.4,0.0,15.7,95,51
2024-01-26T04:00,5.9,0.6,0.0,15.4,95,53
2024-01-26T05:00,5.8,0.8,0.0,10.4,95,53
2024-01-26T06:00,5.7,0.5,0.0,13.5,96,53
2024-01-26T07:00,5.6,0.4,0.0,14.6,97,51
2024-01-26T08:00,5.8,0.3,0.0,12.0,97,51
2024-01-26T09:00,5.4,0.2,0.0,11.4,96,51
2024-01-26T10:00,5.8,0.3,0.0,12.0,97,51
2024-01-26T11:00,6.1,0.2,0.0,12.3,97,51
2024-01-26T12:00,5.8,0.5,0.0,13.6,97,53
2024-01-26T13:00,6.3,0.0,0.0,13.3,93,3
2024-01-26T14:00,7.1,0.0,0.0,11.2,91,3
2024-01-26T15:00,7.4,0.0,0.0,8.4,91,3
2024-01-26T16:00,8.1,0.0,0.0,6.5,89,3
2024-01-26T17:00,8.3,0.0,0.0,3.4,89,3
2024-01-26T18:00,7.8,0.0,0.0,2.5,92,3
2024-01-26T19:00,5.8,0.0,0.0,3.3,96,3
2024-01-26T20:00,4.5,0.0,0.0,2.3,98,3
2024-01-26T21:00,4.0,0.0,0.0,4.4,97,1
2024-01-26T22:00,3.4,0.0,0.0,4.8,98,2
2024-01-26T23:00,3.2,0.0,0.0,3.5,99,2
2024-01-27T00:00,3.2,0.0,0.0,3.1,99,3
2024-01-27T01:00,3.0,0.0,0.0,4.2,99,3
2024-01-27T02:00,3.0,0.0,0.0,6.0,99,3
2024-01-27T03:00,3.0,0.0,0.0,7.4,100,3
2024-01-27T04:00,3.0,0.0,0.0,8.4,99,0
2024-01-27T05:00,2.8,0.0,0.0,10.1,97,3
2024-01-27T06:00,3.2,0.0,0.0,11.9,96,3
2024-01-27T07:00,3.5,0.0,0.0,10.4,94,3
2024-01-27T08:00,3.5,0.0,0.0,11.7,92,3
2024-01-27T09:00,5.1,0.0,0.0,10.8,90,3
2024-01-27T10:00,5.9,0.0,0.0,11.4,82,3
2024-01-27T11:00,6.8,0.0,0.0,9.6,75,2
2024-01-27T12:00,7.8,0.0,0.0,10.1,69,3
2024-01-27T13:00,8.2,0.0,0.0,13.0,66,3
2024-01-27T14:00,8.2,0.0,0.0,12.6,68,3
2024-01-27T15:00,8.3,0.0,0.0,8.4,70,3
2024-01-27T16:00,8.6,0.0,0.0,6.8,69,3
2024-01-27T17:00,8.3,0.0,0.0,6.0,70,3
2024-01-27T18:00,7.6,0.0,0.0,6.5,74,3
2024-01-27T19:00,6.8,0.0,0.0,6.2,77,3
2024-01-27T20:00,6.2,0.0,0.0,5.4,79,3
2024-01-27T21:00,4.9,0.0,0.0,5.7,83,3
2024-01-27T22:00,3.7,0.0,0.0,6.0,91,3
2024-01-27T23:00,3.9,0.0,0.0,8.9,96,3
2024-01-28T00:00,3.9,0.0,0.0,7.3,96,3
2024-01-28T01:00,4.0,0.1,0.0,4.9,95,51
2024-01-28T02:00,3.8,0.1,0.0,4.2,96,51
2024-01-28T03:00,3.9,0.5,0.0,8.0,97,53
2024-01-28T04:00,3.7,1.2,0.0,10.4,97,55
2024-01-28T05:00,3.5,2.2,0.0,12.7,97,61
2024-01-28T06:00,3.3,2.2,0.0,11.6,97,61
2024-01-28T07:00,3.3,1.4,0.0,13.9,96,61
2024-01-28T08:00,3.3,2.8,0.0,11.3,96,63
2024-01-28T09:00,3.5,1.9,0.0,14.7,96,61
2024-01-28T10:00,3.5,3.3,0.0,16.8,96,63
2024-01-28T11:00,3.6,0.7,0.0,20.0,96,53
2024-01-28T12:00,4.1,0.1,0.0,28.2,89,51
2024-01-28T13:00,4.2,0.1,0.0,28.8,88,51
2024-01-28T14:00,3.7,0.6,0.0,22.4,95,53
2024-01-28T15:00,3.2,0.6,0.0,23.2,96,53
2024-01-28T16:00,3.2,0.6,0.0,22.7,94,53
2024-01-28T17:00,3.2,0.7,0.0,20.1,94,53
2024-01-28T18:00,3.0,1.0,0.0,21.3,95,55
2024-01-28T19:00,2.6,0.7,0.0,24.2,95,53
2024-01-28T20:00,2.5,0.2,0.0,24.9,94,51
2024-01-28T21:00,2.7,0.1,0.0,21.0,92,51
2024-01-28T22:00,2.5,0.1,0.0,20.3,93,51
2024-01-28T23:00,2.6,0.1,0.0,19.6,92,51
2024-01-29T00:00,2.3,0.0,0.0,19.1,93,3
2024-01-29T01:00,2.2,0.0,0.0,19.6,91,3
2024-01-29T02:00,2.2,0.0,0.0,19.9,90,3
2024-01-29T03:00,2.2,0.1,0.0,19.8,89,51
2024-01-29T04:00,2.0,0.2,0.0,18.2,89,51
2024-01-29T05:00,2.1,0.1,0.0,18.9,89,51
2024-01-29T06:00,2.2,0.0,0.0,20.0,86,3
2024-01-29T07:00,2.3,0.1,0.0,19.4,84,51
2024-01-29T08:00,2.3,0.0,0.0,20.7,82,3
2024-01-29T09:00,2.7,0.1,0.0,10.8,89,51
2024-01-29T10:00,3.0,0.0,0.0,13.8,88,3
2024-01-29T11:00,3.5,0.0,0.0,20.5,78,3
2024-01-29T12:00,4.0,0.1,0.0,23.5,69,51
2024-01-29T13:00,4.7,0.0,0.0,25.4,59,3
2024-01-29T14:00,5.5,0.0,0.0,27.6,53,3
2024-01-29T15:00,5.8,0.0,0.0,27.0,51,2
2024-01-29T16:00,5.6,0.0,0.0,24.8,52,1
2024-01-29T17:00,5.1,0.0,0.0,22.5,52,1
2024-01-29T18:00,3.7,0.0,0.0,13.8,57,2
2024-01-29T19:00,1.9,0.0,0.0,8.8,65,2
2024-01-29T20:00,0.8,0.0,0.0,8.4,71,1
2024-01-29T21:00,2.0,0.0,0.0,8.8,67,3
2024-01-29T22:00,1.7,0.0,0.0,10.4,69,3
2024-01-29T23:00,0.6,0.0,0.0,9.6,76,1
2024-01-30T00:00,-0.6,0.0,0.0,9.9,82,0
2024-01-30T01:00,-0.9,0.0,0.0,10.9,83,0
2024-01-30T02:00,-1.8,0.0,0.0,10.1,85,0
2024-01-30T03:00,-2.5,0.0,0.0,10.1,86,0
2024-01-30T04:00,-3.0,0.0,0.0,11.7,86,0
2024-01-30T05:00,-3.2,0.0,0.0,11.5,87,0
2024-01-30T06:00,-3.4,0.0,0.0,11.5,87,0
2024-01-30T07:00,-3.7,0.0,0.0,9.7,88,0
2024-01-30T08:00,-4.0,0.0,0.0,9.0,89,0
2024-01-30T09:00,-1.7,0.0,0.0,9.8,81,0
2024-01-30T10:00,0.0,0.0,0.0,7.6,73,2
2024-01-30T11:00,1.9,0.0,0.0,5.8,65,3
2024-01-30T12:00,3.3,0.0,0.0,4.0,56,3
2024-01-30T13:00,4.2,0.0,0.0,6.9,52,3
2024-01-30T14:00,4.3,0.0,0.0,8.7,52,3
2024-01-30T15:00,4.0,0.0,0.0,11.9,53,3
2024-01-30T16:00,3.4,0.0,0.0,12.1,55,3
2024-01-30T17:00,3.0,0.0,0.0,11.5,56,3
2024-01-30T18:00,2.3,0.0,0.0,9.3,61,3
2024-01-30T19:00,1.9,0.0,0.0,9.4,66,3
2024-01-30T20:00,1.7,0.0,0.0,10.7,69,3
2024-01-30T21:00,1.5,0.0,0.0,9.1,72,3
2024-01-30T22:00,1.6,0.0,0.0,12.1,76,3
2024-01-30T23:00,1.6,0.0,0.0,11.2,74,3
2024-01-31T00:00,1.7,0.0,0.0,9.8,75,3
2024-01-31T01:00,1.6,0.0,0.0,10.4,80,3
2024-01-31T02:00,1.5,0.1,0.0,10.7,84,51
2024-01-31T03:00,1.5,0.1,0.0,10.8,85,51
2024-01-31T04:00,1.5,0.0,0.0,10.0,86,3
2024-01-31T05:00,1.4,0.0,0.0,9.4,86,3
2024-01-31T06:00,1.3,0.0,0.0,8.4,85,3
2024-01-31T07:00,1.2,0.0,0.0,6.9,84,3
2024-01-31T08:00,1.1,0.0,0.0,8.2,83,3
2024-01-31T09:00,1.0,0.0,0.0,7.5,77,3
2024-01-31T10:00,1.8,0.0,0.0,8.7,72,3
2024-01-31T11:00,3.0,0.0,0.0,11.2,68,3
2024-01-31T12:00,4.3,0.0,0.0,8.6,63,3
2024-01-31T13:00,4.4,0.0,0.0,8.1,62,3
2024-01-31T14:00,4.3,0.0,0.0,9.1,63,3
2024-01-31T15:00,4.3,0.0,0.0,6.5,63,3
2024-01-31T16:00,4.2,0.0,0.0,5.4,64,3
2024-01-31T17:00,4.2,0.0,0.0,4.5,64,3
2024-01-31T18:00,3.6,0.0,0.0,5.4,68,3
2024-01-31T19:00,2.8,0.0,0.0,9.0,71,2
2024-01-31T20:00,1.8,0.0,0.0,5.2,77,3
2024-01-31T21:00,1.2,0.0,0.0,4.8,81,1
2024-01-31T22:00,-0.6,0.0,0.0,8.4,90,0
2024-01-31T23:00,-1.1,0.0,0.0,7.9,92,0
2024-02-01T00:00,-2.2,0.0,0.0,8.3,95,0
2024-02-01T01:00,-2.4,0.0,0.0,7.2,96,0
2024-02-01T02:00,-3.1,0.0,0.0,6.5,98,2
2024-02-01T03:00,-3.4,0.0,0.0,7.8,97,2
2024-02-01T04:00,-3.3,0.0,0.0,7.2,97,2
2024-02-01T05:00,-3.2,0.0,0.0,6.6,96,0
2024-02-01T06:00,-3.2,0.0,0.0,6.5,97,3
2024-02-01T07:00,-2.8,0.0,0.0,7.1,96,1
2024-02-01T08:00,-2.5,0.0,0.0,7.4,95,0
2024-02-01T09:00,-0.9,0.0,0.0,11.2,93,1
2024-02-01T10:00,1.6,0.0,0.0,9.7,85,1
2024-02-01T11:00,4.0,0.0,0.0,12.8,77,2
2024-02-01T12:00,6.1,0.0,0.0,14.8,71,3
2024-02-01T13:00,7.7,0.0,0.0,16.0,66,2
2024-02-01T14:00,8.4,0.0,0.0,19.8,61,3
2024-02-01T15:00,8.7,0.0,0.0,18.8,58,3
2024-02-01T16:00,9.0,0.0,0.0,16.9,55,3
2024-02-01T17:00,8.9,0.0,0.0,10.9,57,3
2024-02-01T18:00,6.0,0.0,0.0,8.7,74,2
2024-02-01T19:00,3.5,0.0,0.0,10.2,81,2
2024-02-01T20:00,4.2,0.0,0.0,9.0,79,3
2024-02-01T21:00,4.4,0.0,0.0,6.2,74,3
2024-02-01T22:00,4.4,0.2,0.0,5.7,79,51
2024-02-01T23:00,4.2,0.4,0.0,5.8,82,51
2024-02-02T00:00,3.5,0.0,0.0,6.5,88,3
2024-02-02T01:00,3.5,0.2,0.0,6.4,89,51
2024-02-02T02:00,3.5,0.3,0.0,4.0,93,51
2024-02-02T03:00,3.3,1.0,0.0,4.3,93,55
2024-02-02T04:00,3.3,0.8,0.0,5.5,95,53
2024-02-02T05:00,3.3,0.4,0.0,6.5,96,51
2024-02-02T06:00,3.3,0.3,0.0,7.0,96,51
2024-02-02T07:00,3.3,0.2,0.0,6.8,97,51
2024-02-02T08:00,3.5,0.3,0.0,5.6,97,51
2024-02-02T09:00,3.9,0.0,0.0,3.8,96,3
2024-02-02T10:00,4.3,0.3,0.0,7.3,96,51
2024-02-02T11:00,4.4,1.0,0.0,8.7,96,55
2024-02-02T12:00,4.2,0.5,0.0,15.1,95,53
2024-02-02T13:00,3.7,0.5,0.0,18.3,95,53
2024-02-02T14:00,4.0,0.3,0.0,20.6,88,51
2024-02-02T15:00,4.8,0.1,0.0,22.6,84,51
2024-02-02T16:00,5.2,0.1,0.0,14.3,84,51
2024-02-02T17:00,6.0,0.0,0.0,13.4,78,3
2024-02-02T18:00,5.4,0.0,0.0,17.7,68,1
2024-02-02T19:00,4.3,0.0,0.0,19.1,65,0
2024-02-02T20:00,3.3,0.0,0.0,20.5,65,0
2024-02-02T21:00,2.6,0.0,0.0,16.9,65,0
2024-02-02T22:00,2.0,0.0,0.0,17.5,65,0
2024-02-02T23:00,2.0,0.0,0.0,18.8,61,0
2024-02-03T00:00,1.4,0.0,0.0,22.7,59,0
2024-02-03T01:00,0.3,0.0,0.0,24.2,64,0
2024-02-03T02:00,-0.6,0.0,0.0,23.2,68,0
2024-02-03T03:00,-0.9,0.0,0.0,20.8,70,2
2024-02-03T04:00,-1.3,0.0,0.0,19.7,73,2
2024-02-03T05:00,-1.9,0.0,0.0,18.1,75,0
2024-02-03T06:00,-2.3,0.0,0.0,18.8,74,0
2024-02-03T07:00,-2.7,0.0,0.0,17.3,71,0
2024-02-03T08:00,-3.2,0.0,0.0,14.8,70,0
2024-02-03T09:00,-0.4,0.0,0.0,13.1,68,0
2024-02-03T10:00,0.9,0.0,0.0,16.9,58,0
2024-02-03T11:00,2.2,0.0,0.0,20.9,52,0
2024-02-03T12:00,3.3,0.0,0.0,20.6,48,0
2024-02-03T13:00,4.4,0.0,0.0,19.6,44,0
2024-02-03T14:00,5.2,0.0,0.0,19.8,41,0
2024-02-03T15:00,5.8,0.0,0.0,18.4,40,0
2024-02-03T16:00,6.0,0.0,0.0,16.6,39,0
2024-02-03T17:00,5.6,0.0,0.0,14.2,41,0
2024-02-03T18:00,3.5,0.0,0.0,10.3,49,0
2024-02-03T19:00,1.9,0.0,0.0,12.6,51,0
2024-02-03T20:00,0.9,0.0,0.0,13.4,51,0
2024-02-03T21:00,0.6,0.0,0.0,10.9,54,1
2024-02-03T22:00,-0.2,0.0,0.0,10.3,57,0
2024-02-03T23:00,-1.0,0.0,0.0,10.0,61,0
2024-02-04T00:00,-1.5,0.0,0.0,11.1,62,1
2024-02-04T01:00,-1.8,0.0,0.0,11.9,62,0
2024-02-04T02:00,-2.2,0.0,0.0,13.3,62,0
2024-02-04T03:00,-2.5,0.0,0.0,14.5,63,0
2024-02-04T04:00,-2.8,0.0,0.0,14.8,65,0
2024-02-04T05:00,-3.2,0.0,0.0,14.8,67,0
2024-02-04T06:00,-3.4,0.0,0.0,14.4,70,0
2024-02-04T07:00,-3.6,0.0,0.0,14.1,71,0
2024-02-04T08:00,-3.8,0.0,0.0,13.7,72,0
2024-02-04T09:00,-2.1,0.0,0.0,12.8,68,0
2024-02-04T10:00,-0.4,0.0,0.0,12.4,61,0
2024-02-04T11:00,1.5,0.0,0.0,11.1,57,0
2024-02-04T12:00,3.5,0.0,0.0,11.4,53,0
2024-02-04T13:00,5.1,0.0,0.0,11.3,50,0
2024-02-04T14:00,6.3,0.0,0.0,10.8,47,0
2024-02-04T15:00,7.1,0.0,0.0,9.7,45,0
2024-02-04T16:00,7.5,0.0,0.0,8.7,43,0
2024-02-04T17:00,7.5,0.0,0.0,7.1,41,0
2024-02-04T18:00,6.9,0.0,0.0,5.4,43,0
2024-02-04T19:00,2.3,0.0,0.0,8.9,63,0
2024-02-04T20:00,1.6,0.0,0.0,9.9,64,0
2024-02-04T21:00,0.8,0.0,0.0,9.4,64,0
2024-02-04T22:00,-0.2,0.0,0.0,9.9,67,0
2024-02-04T23:00,-0.9,0.0,0.0,8.7,69,0
2024-02-05T00:00,-1.6,0.0,0.0,8.7,70,0
2024-02-05T01:00,-1.9,0.0,0.0,11.3,68,0
2024-02-05T02:00,-2.0,0.0,0.0,13.8,67,0
2024-02-05T03:00,-2.0,0.0,0.0,16.2,67,0
2024-02-05T04:00,-2.2,0.0,0.0,16.3,67,0
2024-02-05T05:00,-2.5,0.0,0.0,14.8,67,0
2024-02-05T06:00,-2.8,0.0,0.0,14.5,65,0
2024-02-05T07:00,-3.0,0.0,0.0,13.7,66,0
2024-02-05T08:00,-3.2,0.0,0.0,14.0,67,0
2024-02-05T09:00,-1.5,0.0,0.0,16.2,62,0
2024-02-05T10:00,0.1,0.0,0.0,18.0,56,0
2024-02-05T11:00,1.8,0.0,0.0,15.5,53,0
2024-02-05T12:00,3.6,0.0,0.0,13.7,48,0
2024-02-05T13:00,5.2,0.0,0.0,13.4,43,0
2024-02-05T14:00,6.4,0.0,0.0,14.4,38,0
2024-02-05T15:00,7.1,0.0,0.0,14.8,34,0
2024-02-05T16:00,7.1,0.0,0.0,17.2,32,0
2024-02-05T17:00,6.2,0.0,0.0,19.9,33,0
2024-02-05T18:00,4.2,0.0,0.0,20.3,38,0
2024-02-05T19:00,2.6,0.0,0.0,23.3,39,0
2024-02-05T20:00,1.7,0.0,0.0,28.2,38,0
2024-02-05T21:00,-0.1,0.0,0.0,19.4,40,0
2024-02-05T22:00,-0.6,0.0,0.0,18.6,41,0
2024-02-05T23:00,-1.0,0.0,0.0,19.3,41,0
2024-02-06T00:00,-1.8,0.0,0.0,19.1,41,0
2024-02-06T01:00,-2.6,0.0,0.0,18.4,42,0
2024-02-06T02:00,-3.3,0.0,0.0,17.7,44,0
2024-02-06T03:00,-3.9,0.0,0.0,15.9,48,0
2024-02-06T04:00,-4.3,0.0,0.0,15.6,53,0
2024-02-06T05:00,-4.6,0.0,0.0,16.4,58,0
2024-02-06T06:00,-4.8,0.0,0.0,15.2,62,0
2024-02-06T07:00,-4.9,0.0,0.0,14.8,64,0
2024-02-06T08:00,-4.8,0.0,0.0,16.3,65,0
2024-02-06T09:00,-2.8,0.0,0.0,13.8,62,0
2024-02-06T10:00,-0.9,0.0,0.0,14.8,56,0
2024-02-06T11:00,1.0,0.0,0.0,16.0,51,0
2024-02-06T12:00,2.5,0.0,0.0,14.0,48,0
2024-02-06T13:00,3.7,0.0,0.0,12.0,47,0
2024-02-06T14:00,4.7,0.0,0.0,11.5,44,0
2024-02-06T15:00,5.3,0.0,0.0,11.2,42,0
2024-02-06T16:00,5.7,0.0,0.0,11.6,42,0
2024-02-06T17:00,5.3,0.0,0.0,12.1,43,0
2024-02-06T18:00,3.6,0.0,0.0,8.6,51,0
2024-02-06T19:00,1.8,0.0,0.0,12.2,55,0
2024-02-06T20:00,0.8,0.0,0.0,11.7,59,0
2024-02-06T21:00,-0.2,0.0,0.0,10.2,61,0
2024-02-06T22:00,-0.8,0.0,0.0,11.3,64,0
2024-02-06T23:00,-1.4,0.0,0.0,12.3,64,0
2024-02-07T00:00,-1.8,0.0,0.0,12.7,65,0
2024-02-07T01:00,-2.0,0.0,0.0,12.0,65,0
2024-02-07T02:00,-2.3,0.0,0.0,10.8,67,0
2024-02-07T03:00,-2.7,0.0,0.0,10.6,68,0
2024-02-07T04:00,-2.8,0.0,0.0,10.5,70,0
2024-02-07T05:00,-3.2,0.0,0.0,9.7,72,0
2024-02-07T06:00,-3.5,0.0,0.0,9.8,74,1
2024-02-07T07:00,-3.6,0.0,0.0,10.5,74,0
2024-02-07T08:00,-3.7,0.0,0.0,10.8,75,0
2024-02-07T09:00,-1.9,0.0,0.0,12.6,73,1
2024-02-07T10:00,0.4,0.0,0.0,10.1,65,1
2024-02-07T11:00,3.0,0.0,0.0,10.1,57,2
2024-02-07T12:00,5.1,0.0,0.0,10.8,50,0
2024-02-07T13:00,6.3,0.0,0.0,9.4,47,0
2024-02-07T14:00,7.2,0.0,0.0,8.0,45,1
2024-02-07T15:00,7.8,0.0,0.0,7.3,43,1
2024-02-07T16:00,8.1,0.0,0.0,6.8,41,0
2024-02-07T17:00,8.0,0.0,0.0,6.6,40,2
2024-02-07T18:00,6.1,0.0,0.0,5.9,53,0
2024-02-07T19:00,6.2,0.0,0.0,4.7,46,1
2024-02-07T20:00,3.7,0.0,0.0,6.9,56,0
2024-02-07T21:00,1.1,0.0,0.0,9.0,66,2
2024-02-07T22:00,2.9,0.0,0.0,3.1,56,0
2024-02-07T23:00,-1.0,0.0,0.0,5.9,74,0
2024-02-08T00:00,-2.2,0.0,0.0,5.5,82,0
2024-02-08T01:00,-2.7,0.0,0.0,4.4,86,0
2024-02-08T02:00,-3.5,0.0,0.0,5.8,90,0
2024-02-08T03:00,-3.3,0.0,0.0,5.6,89,1
2024-02-08T04:00,-3.7,0.0,0.0,7.1,90,0
2024-02-08T05:00,-3.7,0.0,0.0,5.8,89,0
2024-02-08T06:00,-3.7,0.0,0.0,4.7,88,1
2024-02-08T07:00,-3.7,0.0,0.0,5.8,84,1
2024-02-08T08:00,-3.8,0.0,0.0,5.4,82,1
2024-02-08T09:00,-1.1,0.0,0.0,6.6,71,1
2024-02-08T10:00,2.0,0.0,0.0,3.9,67,0
2024-02-08T11:00,5.2,0.0,0.0,4.1,53,0
2024-02-08T12:00,7.5,0.0,0.0,3.6,43,0
2024-02-08T13:00,8.9,0.0,0.0,4.7,42,0
2024-02-08T14:00,9.6,0.0,0.0,5.5,43,1
2024-02-08T15:00,10.0,0.0,0.0,5.5,44,3
2024-02-08T16:00,9.8,0.0,0.0,8.6,46,3
2024-02-08T17:00,8.4,0.0,0.0,10.5,48,3
2024-02-08T18:00,5.6,0.0,0.0,8.4,62,3
2024-02-08T19:00,3.2,0.0,0.0,8.4,82,3
2024-02-08T20:00,2.4,0.0,0.0,8.0,89,3
2024-02-08T21:00,3.4,0.0,0.0,9.0,87,3
2024-02-08T22:00,3.2,0.0,0.0,9.2,91,3
2024-02-08T23:00,3.3,0.0,0.0,9.4,91,3
2024-02-09T00:00,2.8,0.0,0.0,7.3,91,3
2024-02-09T01:00,2.3,0.0,0.0,8.2,90,3
2024-02-09T02:00,0.9,0.0,0.0,6.6,91,3
2024-02-09T03:00,2.0,0.0,0.0,8.9,85,3
2024-02-09T04:00,2.2,0.0,0.0,9.3,83,3
2024-02-09T05:00,2.3,0.0,0.0,5.6,81,3
2024-02-09T06:00,1.5,0.0,0.0,7.9,86,3
2024-02-09T07:00,1.6,0.0,0.0,6.8,83,3
2024-02-09T08:00,2.4,0.0,0.0,8.3,81,3
2024-02-09T09:00,4.1,0.0,0.0,10.5,84,3
2024-02-09T10:00,5.5,0.0,0.0,10.1,85,3
2024-02-09T11:00,7.3,0.0,0.0,12.3,80,3
2024-02-09T12:00,9.4,0.0,0.0,11.4,71,0
2024-02-09T13:00,10.9,0.0,0.0,13.3,66,0
2024-02-09T14:00,11.4,0.0,0.0,14.9,65,2
2024-02-09T15:00,10.6,0.0,0.0,14.7,72,2
2024-02-09T16:00,10.2,0.0,0.0,14.5,78,0
2024-02-09T17:00,9.6,0.0,0.0,12.7,81,0
2024-02-09T18:00,7.6,0.0,0.0,8.9,88,0
2024-02-09T19:00,5.6,0.0,0.0,8.4,94,2
2024-02-09T20:00,4.1,0.0,0.0,10.9,97,2
2024-02-09T21:00,3.8,0.0,0.0,10.5,95,1
2024-02-09T22:00,3.5,0.0,0.0,10.3,96,3
2024-02-09T23:00,3.8,0.0,0.0,8.3,95,3
2024-02-10T00:00,3.5,0.0,0.0,9.8,92,3
2024-02-10T01:00,3.9,0.0,0.0,8.6,89,3
2024-02-10T02:00,4.0,0.0,0.0,8.4,88,3
2024-02-10T03:00,3.7,0.0,0.0,9.0,90,3
2024-02-10T04:00,3.0,0.0,0.0,10.6,91,3
2024-02-10T05:00,2.3,0.0,0.0,10.5,92,3
2024-02-10T06:00,1.8,0.0,0.0,10.9,93,3
2024-02-10T07:00,2.0,0.0,0.0,7.8,93,3
2024-02-10T08:00,2.3,0.0,0.0,8.4,92,3
2024-02-10T09:00,4.3,0.0,0.0,10.3,86,3
2024-02-10T10:00,7.1,0.0,0.0,8.9,81,3
2024-02-10T11:00,10.1,0.0,0.0,7.7,73,3
2024-02-10T12:00,12.5,0.0,0.0,11.0,68,3
2024-02-10T13:00,13.8,0.0,0.0,14.3,64,3
2024-02-10T14:00,14.2,0.0,0.0,13.5,66,3
2024-02-10T15:00,15.9,0.0,0.0,16.6,62,3
2024-02-10T16:00,15.4,0.0,0.0,14.1,65,3
2024-02-10T17:00,15.1,0.0,0.0,15.3,68,3
2024-02-10T18:00,13.6,0.0,0.0,11.5,73,3
2024-02-10T19:00,11.2,0.0,0.0,10.2,85,3
2024-02-10T20:00,10.4,0.0,0.0,10.5,88,3
2024-02-10T21:00,10.0,0.1,0.0,8.0,89,51
2024-02-10T22:00,9.5,0.0,0.0,8.4,91,3
2024-02-10T23:00,9.1,0.0,0.0,8.7,92,3
2024-02-11T00:00,7.6,0.0,0.0,10.2,94,3
2024-02-11T01:00,6.2,0.0,0.0,10.8,96,3
2024-02-11T02:00,6.0,0.0,0.0,8.3,97,3
2024-02-11T03:00,6.8,0.0,0.0,8.9,93,3
2024-02-11T04:00,6.9,0.0,0.0,11.5,91,3
2024-02-11T05:00,6.5,0.0,0.0,14.7,89,3
2024-02-11T06:00,5.2,0.0,0.0,14.3,85,3
2024-02-11T07:00,4.3,0.0,0.0,12.7,83,3
2024-02-11T08:00,3.6,0.0,0.0,11.4,81,3
2024-02-11T09:00,5.3,0.0,0.0,11.8,76,3
2024-02-11T10:00,6.7,0.0,0.0,10.5,72,3
2024-02-11T11:00,7.8,0.0,0.0,15.6,63,3
2024-02-11T12:00,8.1,0.0,0.0,14.0,60,3
2024-02-11T13:00,8.6,0.0,0.0,12.4,57,3
2024-02-11T14:00,8.9,0.0,0.0,10.7,57,3
2024-02-11T15:00,9.0,0.0,0.0,10.2,57,3
2024-02-11T16:00,8.9,0.0,0.0,10.2,57,3
2024-02-11T17:00,8.9,0.0,0.0,8.9,57,3
2024-02-11T18:00,8.2,0.0,0.0,6.6,61,3
2024-02-11T19:00,7.2,0.0,0.0,5.6,66,3
2024-02-11T20:00,6.8,0.0,0.0,5.5,68,3
2024-02-11T21:00,5.8,0.0,0.0,6.6,64,3
2024-02-11T22:00,5.6,0.0,0.0,7.5,64,3
2024-02-11T23:00,5.4,0.0,0.0,8.5,64,3
2024-02-12T00:00,5.2,0.0,0.0,9.5,64,3
2024-02-12T01:00,4.7,0.0,0.0,11.3,64,3
2024-02-12T02:00,3.8,0.0,0.0,10.1,67,1
2024-02-12T03:00,2.4,0.0,0.0,8.5,72,3
2024-02-12T04:00,-0.1,0.0,0.0,6.3,85,3
2024-02-12T05:00,-0.6,0.0,0.0,7.5,88,3
2024-02-12T06:00,-1.2,0.0,0.0,5.8,90,3
2024-02-12T07:00,-1.8,0.0,0.0,5.7,91,3
2024-02-12T08:00,-1.6,0.0,0.0,6.5,90,3
2024-02-12T09:00,0.6,0.0,0.0,7.7,80,3
2024-02-12T10:00,2.4,0.0,0.0,6.2,73,3
2024-02-12T11:00,4.3,0.0,0.0,5.4,67,3
2024-02-12T12:00,6.2,0.0,0.0,4.0,61,3
2024-02-12T13:00,7.7,0.0,0.0,4.1,57,3
2024-02-12T14:00,8.6,0.0,0.0,2.2,56,3
2024-02-12T15:00,9.1,0.0,0.0,5.5,55,3
2024-02-12T16:00,8.9,0.0,0.0,7.9,58,3
2024-02-12T17:00,7.6,0.0,0.0,9.9,64,3
2024-02-12T18:00,6.2,0.0,0.0,9.5,68,3
2024-02-12T19:00,5.2,0.0,0.0,7.9,70,3
2024-02-12T20:00,5.1,0.0,0.0,8.2,70,3
2024-02-12T21:00,4.1,0.0,0.0,5.1,85,3
2024-02-12T22:00,4.2,0.0,0.0,6.3,82,3
2024-02-12T23:00,4.1,0.1,0.0,9.0,73,51
2024-02-13T00:00,3.4,0.0,0.0,11.6,71,3
2024-02-13T01:00,2.6,0.1,0.0,10.2,76,51
2024-02-13T02:00,1.9,3.5,2.38,13.0,79,75
2024-02-13T03:00,1.5,1.7,1.05,16.3,82,75
2024-02-13T04:00,1.1,0.9,0.63,15.4,84,73
2024-02-13T05:00,0.2,2.1,1.47,15.7,92,75
2024-02-13T06:00,0.1,1.7,1.19,20.1,93,75
2024-02-13T07:00,-0.1,2.1,1.47,21.7,93,75
2024-02-13T08:00,-0.2,2.4,1.68,22.5,94,75
2024-02-13T09:00,0.3,2.5,1.75,22.8,93,75
2024-02-13T10:00,0.3,2.9,2.03,19.3,94,75
2024-02-13T11:00,0.4,3.1,2.17,25.1,94,75
2024-02-13T12:00,0.5,2.3,1.61,20.4,93,75
2024-02-13T13:00,0.6,1.8,1.26,25.6,89,75
2024-02-13T14:00,1.5,0.6,0.42,23.7,83,73
2024-02-13T15:00,2.6,0.0,0.0,20.1,74,3
2024-02-13T16:00,3.2,0.0,0.0,12.8,70,1
2024-02-13T17:00,2.8,0.0,0.0,7.9,71,0
2024-02-13T18:00,-0.8,0.0,0.0,14.4,73,0
2024-02-13T19:00,0.8,0.0,0.0,13.9,66,0
2024-02-13T20:00,0.9,0.0,0.0,16.3,67,0
2024-02-13T21:00,0.2,0.0,0.0,14.5,73,0
2024-02-13T22:00,-0.6,0.0,0.0,12.3,77,0
2024-02-13T23:00,-1.2,0.0,0.0,12.3,80,0
2024-02-14T00:00,-1.6,0.0,0.0,12.8,81,0
2024-02-14T01:00,-2.0,0.0,0.0,13.8,82,0
2024-02-14T02:00,-1.8,0.0,0.0,16.9,79,0
2024-02-14T03:00,-1.8,0.0,0.0,16.9,78,2
2024-02-14T04:00,-1.9,0.0,0.0,18.2,78,1
2024-02-14T05:00,-2.5,0.0,0.0,21.8,71,0
2024-02-14T06:00,-3.3,0.0,0.0,21.9,72,0
2024-02-14T07:00,-3.8,0.0,0.0,20.5,72,1
2024-02-14T08:00,-4.3,0.0,0.0,19.8,72,0
2024-02-14T09:00,-2.8,0.0,0.0,18.4,62,0
2024-02-14T10:00,-2.3,0.0,0.0,21.1,56,0
2024-02-14T11:00,-2.0,0.0,0.0,24.5,52,0
2024-02-14T12:00,-1.4,0.0,0.0,24.9,51,2
2024-02-14T13:00,-0.9,0.0,0.0,25.2,50,1
2024-02-14T14:00,-0.2,0.0,0.0,25.7,47,2
2024-02-14T15:00,0.3,0.0,0.0,23.7,43,0
2024-02-14T16:00,0.3,0.0,0.0,21.9,44,0
2024-02-14T17:00,0.1,0.0,0.0,18.8,48,0
2024-02-14T18:00,-0.9,0.0,0.0,17.0,50,0
2024-02-14T19:00,-2.2,0.0,0.0,14.8,54,0
2024-02-14T20:00,-3.3,0.0,0.0,13.0,59,0
2024-02-14T21:00,-2.5,0.0,0.0,14.0,50,0
2024-02-14T22:00,-2.8,0.0,0.0,16.8,52,0
2024-02-14T23:00,-2.5,0.0,0.0,20.5,50,0
2024-02-15T00:00,-2.7,0.0,0.0,22.3,51,0
2024-02-15T01:00,-3.2,0.0,0.0,22.0,54,0
2024-02-15T02:00,-3.7,0.0,0.0,20.1,57,0
2024-02-15T03:00,-4.0,0.0,0.0,19.1,60,0
2024-02-15T04:00,-4.3,0.0,0.0,17.2,63,0
2024-02-15T05:00,-4.4,0.0,0.0,16.0,64,0
2024-02-15T06:00,-4.8,0.0,0.0,10.9,67,0
2024-02-15T07:00,-5.2,0.0,0.0,7.9,70,0
2024-02-15T08:00,-5.4,0.0,0.0,7.9,71,0
2024-02-15T09:00,-3.5,0.0,0.0,12.1,61,0
2024-02-15T10:00,-1.4,0.0,0.0,11.5,48,0
2024-02-15T11:00,0.2,0.0,0.0,7.9,38,0
2024-02-15T12:00,1.4,0.0,0.0,6.2,38,2
2024-02-15T13:00,2.3,0.0,0.0,5.8,36,3
2024-02-15T14:00,2.8,0.0,0.0,7.5,37,3
2024-02-15T15:00,2.8,0.0,0.0,11.9,40,3
2024-02-15T16:00,2.7,0.0,0.0,15.5,41,3
2024-02-15T17:00,2.5,0.0,0.0,16.3,45,3
2024-02-15T18:00,2.1,0.0,0.0,12.8,51,3
2024-02-15T19:00,1.1,0.0,0.0,15.5,60,3
2024-02-15T20:00,1.0,0.0,0.0,20.6,70,2
2024-02-15T21:00,0.6,0.2,0.14,15.8,69,71
2024-02-15T22:00,-0.1,0.0,0.0,14.2,71,0
2024-02-15T23:00,-0.8,0.0,0.0,13.3,75,0
2024-02-16T00:00,-0.3,0.0,0.0,18.3,76,0
2024-02-16T01:00,0.1,0.0,0.0,20.2,78,2
2024-02-16T02:00,0.7,0.0,0.0,20.6,78,1
2024-02-16T03:00,1.6,0.0,0.0,23.4,71,2
2024-02-16T04:00,1.5,0.0,0.0,24.9,63,1
2024-02-16T05:00,0.6,0.0,0.0,24.6,62,0
2024-02-16T06:00,-0.6,0.0,0.0,23.6,63,0
2024-02-16T07:00,-1.4,0.0,0.0,23.5,61,0
2024-02-16T08:00,-2.0,0.0,0.0,23.4,60,0
2024-02-16T09:00,0.6,0.0,0.0,22.4,50,0
2024-02-16T10:00,2.0,0.0,0.0,25.1,46,0
2024-02-16T11:00,2.7,0.0,0.0,30.3,41,0
2024-02-16T12:00,3.6,0.0,0.0,31.2,37,1
2024-02-16T13:00,4.6,0.0,0.0,28.3,33,1
2024-02-16T14:00,4.8,0.0,0.0,26.0,33,0
2024-02-16T15:00,5.0,0.0,0.0,21.7,33,0
2024-02-16T16:00,5.1,0.0,0.0,19.5,32,0
2024-02-16T17:00,4.8,0.0,0.0,19.5,32,0
2024-02-16T18:00,3.2,0.0,0.0,7.9,42,0
2024-02-16T19:00,-0.4,0.0,0.0,10.1,54,1
2024-02-16T20:00,-1.4,0.0,0.0,8.4,58,3
2024-02-16T21:00,-1.2,0.0,0.0,8.0,68,3
2024-02-16T22:00,-1.2,0.0,0.0,5.3,69,3
2024-02-16T23:00,-1.4,0.0,0.0,4.4,76,3
2024-02-17T00:00,-1.1,0.1,0.07,5.9,71,71
2024-02-17T01:00,-1.3,0.2,0.14,6.1,73,71
2024-02-17T02:00,-1.4,0.5,0.28,7.2,77,73
2024-02-17T03:00,-1.6,0.8,0.56,8.9,85,73
2024-02-17T04:00,-1.9,0.8,0.56,8.2,90,73
2024-02-17T05:00,-2.1,1.2,0.84,7.1,93,75
2024-02-17T06:00,-2.0,0.8,0.56,9.5,91,73
2024-02-17T07:00,-1.5,0.5,0.35,8.6,92,73
2024-02-17T08:00,-1.5,0.3,0.21,9.0,93,73
2024-02-17T09:00,-1.4,0.3,0.21,8.1,94,73
2024-02-17T10:00,-0.7,0.1,0.07,8.9,91,71
2024-02-17T11:00,0.2,0.0,0.0,9.2,84,3
2024-02-17T12:00,1.0,0.1,0.07,11.0,76,71
2024-02-17T13:00,1.5,0.1,0.07,15.5,67,71
2024-02-17T14:00,2.2,0.1,0.07,18.9,57,71
2024-02-17T15:00,2.0,0.0,0.0,21.7,49,0
2024-02-17T16:00,1.8,0.0,0.0,20.4,49,2
2024-02-17T17:00,0.9,0.0,0.0,17.9,49,0
2024-02-17T18:00,-0.3,0.0,0.0,15.6,52,0
2024-02-17T19:00,-1.8,0.0,0.0,14.9,57,0
2024-02-17T20:00,-2.7,0.0,0.0,14.5,61,0
2024-02-17T21:00,-3.1,0.0,0.0,13.4,53,0
2024-02-17T22:00,-4.0,0.0,0.0,11.2,56,0
2024-02-17T23:00,-4.6,0.0,0.0,11.6,60,0
2024-02-18T00:00,-5.2,0.0,0.0,10.1,65,0
2024-02-18T01:00,-5.7,0.0,0.0,8.4,69,0
2024-02-18T02:00,-6.1,0.0,0.0,7.2,72,0
2024-02-18T03:00,-6.2,0.0,0.0,10.0,71,0
2024-02-18T04:00,-6.3,0.0,0.0,12.5,73,0
2024-02-18T05:00,-6.2,0.0,0.0,12.7,74,0
2024-02-18T06:00,-6.2,0.0,0.0,13.1,74,0
2024-02-18T07:00,-6.2,0.0,0.0,13.5,70,0
2024-02-18T08:00,-6.0,0.0,0.0,14.8,68,0
2024-02-18T09:00,-4.7,0.0,0.0,15.0,74,0
2024-02-18T10:00,-3.1,0.0,0.0,21.9,61,0
2024-02-18T11:00,-1.8,0.0,0.0,23.0,53,0
2024-02-18T12:00,-0.4,0.0,0.0,22.7,49,0
2024-02-18T13:00,2.4,0.0,0.0,26.8,34,0
2024-02-18T14:00,3.5,0.0,0.0,29.4,36,0
2024-02-18T15:00,4.6,0.0,0.0,27.9,36,0
2024-02-18T16:00,4.9,0.0,0.0,25.6,37,0
2024-02-18T17:00,4.6,0.0,0.0,20.7,39,0
2024-02-18T18:00,3.0,0.0,0.0,17.3,42,0
2024-02-18T19:00,1.1,0.0,0.0,15.5,46,0
2024-02-18T20:00,0.2,0.0,0.0,14.2,50,0
2024-02-18T21:00,-2.0,0.0,0.0,8.4,61,0
2024-02-18T22:00,-2.4,0.0,0.0,9.7,66,0
2024-02-18T23:00,-2.0,0.0,0.0,13.2,65,0
2024-02-19T00:00,-2.2,0.0,0.0,11.5,65,0
2024-02-19T01:00,-1.5,0.0,0.0,13.0,61,0
2024-02-19T02:00,-1.2,0.0,0.0,14.3,59,0
2024-02-19T03:00,-1.8,0.0,0.0,13.2,60,0
2024-02-19T04:00,-2.7,0.0,0.0,10.8,64,0
2024-02-19T05:00,-3.3,0.0,0.0,10.4,68,0
2024-02-19T06:00,-3.7,0.0,0.0,9.7,71,0
2024-02-19T07:00,-4.0,0.0,0.0,8.8,74,0
2024-02-19T08:00,-4.1,0.0,0.0,8.6,76,0
2024-02-19T09:00,-1.1,0.0,0.0,11.3,61,0
2024-02-19T10:00,1.8,0.0,0.0,20.7,38,0
2024-02-19T11:00,2.4,0.0,0.0,20.8,37,0
2024-02-19T12:00,3.0,0.0,0.0,18.0,40,0
2024-02-19T13:00,3.6,0.0,0.0,16.0,36,0
2024-02-19T14:00,3.8,0.0,0.0,15.6,32,0
2024-02-19T15:00,4.0,0.0,0.0,15.5,30,0
2024-02-19T16:00,4.1,0.0,0.0,13.9,29,0
2024-02-19T17:00,3.8,0.0,0.0,13.0,28,0
2024-02-19T18:00,2.2,0.0,0.0,6.5,39,0
2024-02-19T19:00,-1.7,0.0,0.0,10.0,50,0
2024-02-19T20:00,-1.5,0.0,0.0,10.5,45,0
2024-02-19T21:00,-2.6,0.0,0.0,8.6,53,0
2024-02-19T22:00,-2.7,0.0,0.0,12.8,52,0
2024-02-19T23:00,-2.8,0.0,0.0,13.4,51,0
2024-02-20T00:00,-3.7,0.0,0.0,12.6,55,0
2024-02-20T01:00,-4.6,0.0,0.0,9.4,60,0
2024-02-20T02:00,-5.2,0.0,0.0,9.9,62,0
2024-02-20T03:00,-5.4,0.0,0.0,10.7,60,0
2024-02-20T04:00,-5.7,0.0,0.0,11.6,59,0
2024-02-20T05:00,-5.9,0.0,0.0,13.1,58,0
2024-02-20T06:00,-6.2,0.0,0.0,12.5,56,0
2024-02-20T07:00,-6.4,0.0,0.0,10.9,55,0
2024-02-20T08:00,-6.4,0.0,0.0,10.0,56,0
2024-02-20T09:00,-4.5,0.0,0.0,9.3,48,0
2024-02-20T10:00,-2.5,0.0,0.0,9.0,39,0
2024-02-20T11:00,-0.5,0.0,0.0,7.5,33,0
2024-02-20T12:00,0.9,0.0,0.0,6.8,31,0
2024-02-20T13:00,1.6,0.0,0.0,4.7,37,0
2024-02-20T14:00,2.1,0.0,0.0,3.8,39,0
2024-02-20T15:00,2.3,0.0,0.0,4.0,41,0
2024-02-20T16:00,2.3,0.0,0.0,6.2,43,0
2024-02-20T17:00,1.6,0.0,0.0,10.0,46,0
2024-02-20T18:00,0.2,0.0,0.0,10.6,51,1
2024-02-20T19:00,-2.4,0.0,0.0,7.4,65,0
2024-02-20T20:00,-3.8,0.0,0.0,10.2,76,0
2024-02-20T21:00,-4.0,0.0,0.0,9.7,75,0
2024-02-20T22:00,-4.2,0.0,0.0,9.8,78,1
2024-02-20T23:00,-4.2,0.0,0.0,8.7,78,1
2024-02-21T00:00,-4.6,0.0,0.0,8.1,79,1
2024-02-21T01:00,-5.1,0.0,0.0,7.1,81,1
2024-02-21T02:00,-5.2,0.0,0.0,4.9,83,3
2024-02-21T03:00,-5.2,0.0,0.0,5.1,85,3
2024-02-21T04:00,-5.5,0.0,0.0,5.4,86,3
2024-02-21T05:00,-5.6,0.0,0.0,5.7,86,3
2024-02-21T06:00,-5.4,0.0,0.0,6.3,85,0
2024-02-21T07:00,-5.2,0.0,0.0,7.4,84,0
2024-02-21T08:00,-4.8,0.0,0.0,7.6,82,0
2024-02-21T09:00,-1.8,0.0,0.0,8.6,72,1
2024-02-21T10:00,1.3,0.0,0.0,8.7,60,3
2024-02-21T11:00,3.3,0.0,0.0,12.4,53,3
2024-02-21T12:00,3.8,0.0,0.0,14.6,52,3
2024-02-21T13:00,4.1,0.0,0.0,13.8,55,3
2024-02-21T14:00,4.3,0.0,0.0,13.2,54,3
2024-02-21T15:00,4.6,0.0,0.0,13.6,53,3
2024-02-21T16:00,4.2,0.0,0.0,14.5,54,3
2024-02-21T17:00,3.4,0.0,0.0,15.0,59,1
2024-02-21T18:00,2.5,0.0,0.0,11.5,63,1
2024-02-21T19:00,-0.6,0.0,0.0,8.6,80,1
2024-02-21T20:00,-1.6,0.0,0.0,9.8,84,1
2024-02-21T21:00,-3.0,0.0,0.0,10.9,86,1
2024-02-21T22:00,-2.8,0.0,0.0,9.4,87,1
2024-02-21T23:00,-2.8,0.0,0.0,9.8,88,3
2024-02-22T00:00,-2.2,0.0,0.0,6.8,86,2
2024-02-22T01:00,-1.0,0.0,0.0,3.1,83,0
2024-02-22T02:00,-3.0,0.0,0.0,2.2,89,0
2024-02-22T03:00,-4.0,0.0,0.0,3.5,93,0
2024-02-22T04:00,-4.7,0.0,0.0,4.3,96,1
2024-02-22T05:00,-5.1,0.0,0.0,2.8,98,3
2024-02-22T06:00,-4.7,0.0,0.0,0.8,99,3
2024-02-22T07:00,-5.1,0.0,0.0,2.3,98,3
2024-02-22T08:00,-5.1,0.0,0.0,4.8,98,3
2024-02-22T09:00,-1.4,0.0,0.0,6.6,90,3
2024-02-22T10:00,1.8,0.0,0.0,7.8,76,1
2024-02-22T11:00,3.8,0.0,0.0,12.8,63,0
2024-02-22T12:00,5.1,0.0,0.0,16.3,60,0
2024-02-22T13:00,6.2,0.0,0.0,16.2,59,2
2024-02-22T14:00,6.8,0.0,0.0,16.9,59,3
2024-02-22T15:00,6.7,0.0,0.0,18.8,64,3
2024-02-22T16:00,5.5,0.0,0.0,19.8,73,3
2024-02-22T17:00,5.0,0.0,0.0,19.8,76,3
2024-02-22T18:00,3.8,0.0,0.0,17.1,84,3
2024-02-22T19:00,3.8,0.0,0.0,15.3,86,3
2024-02-22T20:00,3.9,0.0,0.0,16.0,86,3
2024-02-22T21:00,2.7,0.1,0.0,14.0,95,51
2024-02-22T22:00,2.8,0.1,0.0,10.8,96,51
2024-02-22T23:00,2.8,0.1,0.0,9.3,97,51
2024-02-23T00:00,2.8,0.1,0.0,8.3,97,51
2024-02-23T01:00,2.8,0.8,0.0,7.9,97,53
2024-02-23T02:00,2.8,0.8,0.0,5.2,97,53
2024-02-23T03:00,2.9,0.2,0.0,4.4,97,51
2024-02-23T04:00,2.8,0.1,0.0,3.8,98,51
2024-02-23T05:00,2.5,0.4,0.0,4.2,99,51
2024-02-23T06:00,2.2,0.4,0.0,4.3,99,51
2024-02-23T07:00,2.0,0.1,0.0,5.4,100,51
2024-02-23T08:00,1.4,0.0,0.0,7.9,100,3
2024-02-23T09:00,3.0,0.0,0.0,12.8,98,3
2024-02-23T10:00,4.7,0.0,0.0,9.8,96,3
2024-02-23T11:00,5.4,0.0,0.0,9.3,91,3
2024-02-23T12:00,6.3,0.0,0.0,7.6,87,3
2024-02-23T13:00,7.8,0.0,0.0,8.8,81,3
2024-02-23T14:00,8.1,0.0,0.0,12.7,79,3
2024-02-23T15:00,8.2,0.0,0.0,10.2,79,3
2024-02-23T16:00,7.2,0.1,0.0,12.5,83,51
2024-02-23T17:00,7.0,0.1,0.0,12.1,82,51
2024-02-23T18:00,6.8,0.0,0.0,5.8,84,3
2024-02-23T19:00,5.1,0.0,0.0,6.9,91,3
2024-02-23T20:00,5.6,0.0,0.0,6.1,89,3
2024-02-23T21:00,4.3,0.0,0.0,6.6,93,3
2024-02-23T22:00,3.7,0.0,0.0,7.7,93,3
2024-02-23T23:00,2.8,0.0,0.0,7.9,93,3
2024-02-24T00:00,1.8,0.0,0.0,7.3,94,3
2024-02-24T01:00,1.8,0.0,0.0,8.7,93,3
2024-02-24T02:00,1.9,0.0,0.0,10.2,88,3
2024-02-24T03:00,2.0,0.0,0.0,13.8,85,3
2024-02-24T04:00,2.0,0.0,0.0,16.1,84,0
2024-02-24T05:00,1.4,0.0,0.0,17.6,87,0
2024-02-24T06:00,0.8,0.0,0.0,19.3,90,3
2024-02-24T07:00,0.8,0.0,0.0,19.1,89,3
2024-02-24T08:00,1.3,0.0,0.0,18.2,86,3
2024-02-24T09:00,3.8,0.0,0.0,18.1,76,3
2024-02-24T10:00,4.1,0.0,0.0,18.6,66,3
2024-02-24T11:00,4.1,0.0,0.0,21.4,55,3
2024-02-24T12:00,3.9,0.0,0.0,21.4,46,3
2024-02-24T13:00,4.9,0.0,0.0,21.3,35,1
2024-02-24T14:00,5.4,0.0,0.0,21.4,30,1
2024-02-24T15:00,5.6,0.0,0.0,20.4,27,1
2024-02-24T16:00,5.4,0.0,0.0,20.1,24,1
2024-02-24T17:00,4.8,0.0,0.0,18.7,23,0
2024-02-24T18:00,3.5,0.0,0.0,15.2,26,0
2024-02-24T19:00,0.9,0.0,0.0,13.0,30,0
2024-02-24T20:00,-0.6,0.0,0.0,16.4,29,0
2024-02-24T21:00,-0.6,0.0,0.0,17.8,28,0
2024-02-24T22:00,-1.6,0.0,0.0,16.2,31,0
2024-02-24T23:00,-2.8,0.0,0.0,13.6,36,0
2024-02-25T00:00,-3.9,0.0,0.0,14.7,39,0
2024-02-25T01:00,-4.8,0.0,0.0,13.7,41,0
2024-02-25T02:00,-5.4,0.0,0.0,11.2,44,0
2024-02-25T03:00,-6.0,0.0,0.0,8.7,48,0
2024-02-25T04:00,-6.4,0.0,0.0,7.1,52,0
2024-02-25T05:00,-7.0,0.0,0.0,5.5,60,0
2024-02-25T06:00,-7.3,0.0,0.0,5.8,65,0
2024-02-25T07:00,-7.3,0.0,0.0,5.8,66,0
2024-02-25T08:00,-6.8,0.0,0.0,3.6,59,0
2024-02-25T09:00,-4.6,0.0,0.0,2.5,50,0
2024-02-25T10:00,-3.3,0.0,0.0,0.0,46,0
2024-02-25T11:00,-1.8,0.0,0.0,4.2,46,0
2024-02-25T12:00,-0.1,0.0,0.0,6.4,45,0
2024-02-25T13:00,1.5,0.0,0.0,7.4,43,0
2024-02-25T14:00,2.7,0.0,0.0,9.7,42,0
2024-02-25T15:00,3.7,0.0,0.0,12.1,40,0
2024-02-25T16:00,4.1,0.0,0.0,13.3,41,0
2024-02-25T17:00,2.5,0.0,0.0,16.2,56,0
2024-02-25T18:00,1.0,0.0,0.0,16.1,67,0
2024-02-25T19:00,-0.1,0.0,0.0,11.8,79,0
2024-02-25T20:00,-0.3,0.0,0.0,10.9,84,0
2024-02-25T21:00,-0.6,0.0,0.0,10.0,80,2
2024-02-25T22:00,-1.1,0.0,0.0,10.6,78,2
2024-02-25T23:00,-1.5,0.0,0.0,12.1,78,2
2024-02-26T00:00,-2.0,0.0,0.0,12.4,76,3
2024-02-26T01:00,-1.9,0.0,0.0,13.2,72,3
2024-02-26T02:00,-1.9,0.0,0.0,11.2,70,3
2024-02-26T03:00,-2.0,0.0,0.0,11.8,72,2
2024-02-26T04:00,-2.2,0.0,0.0,8.5,78,3
2024-02-26T05:00,-0.7,0.0,0.0,9.5,73,3
2024-02-26T06:00,-1.0,0.0,0.0,9.0,77,3
2024-02-26T07:00,-1.2,0.0,0.0,7.0,79,3
2024-02-26T08:00,-1.1,0.0,0.0,7.9,80,0
2024-02-26T09:00,1.0,0.0,0.0,9.3,74,3
2024-02-26T10:00,2.9,0.1,0.07,7.7,69,71
2024-02-26T11:00,4.4,2.8,1.61,13.1,70,75
2024-02-26T12:00,6.2,0.0,0.0,13.5,69,2
2024-02-26T13:00,8.3,0.0,0.0,10.7,66,0
2024-02-26T14:00,9.9,0.0,0.0,10.3,63,0
2024-02-26T15:00,11.1,0.0,0.0,13.0,59,0
2024-02-26T16:00,11.4,0.0,0.0,13.0,59,0
2024-02-26T17:00,10.8,0.0,0.0,13.1,65,3
2024-02-26T18:00,8.4,0.0,0.0,11.4,79,3
2024-02-26T19:00,5.9,0.0,0.0,9.6,90,3
2024-02-26T20:00,5.0,0.0,0.0,7.9,91,3
2024-02-26T21:00,4.0,0.0,0.0,7.6,94,3
2024-02-26T22:00,2.8,0.0,0.0,10.7,95,1
2024-02-26T23:00,2.3,0.0,0.0,12.2,95,1
2024-02-27T00:00,2.0,0.0,0.0,10.5,95,3
2024-02-27T01:00,4.2,0.0,0.0,5.9,92,3
2024-02-27T02:00,1.5,0.0,0.0,3.2,97,3
2024-02-27T03:00,1.8,0.0,0.0,5.5,98,1
2024-02-27T04:00,0.1,0.0,0.0,7.3,99,0
2024-02-27T05:00,-0.1,0.0,0.0,8.7,100,3
2024-02-27T06:00,0.3,0.0,0.0,10.1,99,3
2024-02-27T07:00,0.7,0.0,0.0,10.9,100,1
2024-02-27T08:00,2.0,0.0,0.0,7.2,100,3
2024-02-27T09:00,5.3,0.0,0.0,8.8,96,1
2024-02-27T10:00,8.6,0.0,0.0,7.8,87,1
2024-02-27T11:00,11.1,0.0,0.0,12.3,77,3
2024-02-27T12:00,12.2,0.0,0.0,14.3,74,0
2024-02-27T13:00,13.4,0.0,0.0,15.2,67,3
2024-02-27T14:00,13.7,0.0,0.0,17.3,68,3
2024-02-27T15:00,13.7,0.0,0.0,19.7,65,3
2024-02-27T16:00,13.9,0.0,0.0,18.9,61,3
2024-02-27T17:00,13.5,0.0,0.0,18.5,65,3
2024-02-27T18:00,12.1,0.0,0.0,24.0,68,3
2024-02-27T19:00,11.6,0.0,0.0,24.2,71,3
2024-02-27T20:00,11.6,1.0,0.0,23.2,79,55
2024-02-27T21:00,10.5,2.1,0.0,26.1,92,61
2024-02-27T22:00,9.8,0.5,0.0,24.1,95,53
2024-02-27T23:00,10.3,0.2,0.0,18.4,93,51
2024-02-28T00:00,10.8,0.2,0.0,18.4,93,51
2024-02-28T01:00,10.9,0.1,0.0,15.2,94,51
2024-02-28T02:00,11.2,0.0,0.0,15.3,94,3
2024-02-28T03:00,11.6,0.0,0.0,16.3,94,3
2024-02-28T04:00,12.2,0.0,0.0,18.1,93,3
2024-02-28T05:00,12.1,0.0,0.0,16.6,95,3
2024-02-28T06:00,12.5,0.0,0.0,20.3,93,3
2024-02-28T07:00,12.0,0.6,0.0,19.8,95,53
2024-02-28T08:00,12.1,0.6,0.0,21.4,95,53
2024-02-28T09:00,12.1,0.2,0.0,15.6,96,51
2024-02-28T10:00,13.1,0.4,0.0,17.9,93,51
2024-02-28T11:00,15.4,2.8,0.0,20.7,84,63
2024-02-28T12:00,16.8,0.2,0.0,20.1,81,51
2024-02-28T13:00,16.8,0.4,0.0,26.6,81,51
2024-02-28T14:00,17.0,0.1,0.0,23.1,77,51
2024-02-28T15:00,17.1,1.6,0.0,25.3,76,61
2024-02-28T16:00,15.1,2.7,0.0,22.7,88,63
2024-02-28T17:00,15.6,0.1,0.0,25.2,80,51
2024-02-28T18:00,14.6,1.4,0.0,25.1,87,61
2024-02-28T19:00,14.5,0.3,0.0,25.8,85,51
2024-02-28T20:00,13.9,0.6,0.0,27.5,91,53
2024-02-28T21:00,15.1,0.6,0.0,29.1,92,53
2024-02-28T22:00,14.7,2.0,0.0,30.0,94,61
2024-02-28T23:00,10.1,0.8,0.0,34.2,78,53
2024-02-29T00:00,6.7,0.1,0.0,30.7,75,51
2024-02-29T01:00,4.9,0.0,0.0,30.4,63,0
2024-02-29T02:00,0.7,0.0,0.0,30.1,48,0
2024-02-29T03:00,-0.9,0.0,0.0,26.9,46,0
2024-02-29T04:00,-1.7,0.0,0.0,22.4,45,0
2024-02-29T05:00,-2.2,0.0,0.0,18.7,45,0
2024-02-29T06:00,-2.5,0.0,0.0,17.4,44,0
2024-02-29T07:00,-2.8,0.0,0.0,17.7,45,0
2024-02-29T08:00,-2.5,0.0,0.0,17.7,45,0
2024-02-29T09:00,-0.1,0.0,0.0,30.5,41,2
2024-02-29T10:00,0.8,0.0,0.0,25.6,41,2
2024-02-29T11:00,1.4,0.0,0.0,26.3,40,3
2024-02-29T12:00,1.8,0.0,0.0,26.4,37,3
2024-02-29T13:00,2.2,0.0,0.0,24.7,38,3
2024-02-29T14:00,3.3,0.0,0.0,25.7,35,2
2024-02-29T15:00,4.2,0.0,0.0,26.5,30,1
2024-02-29T16:00,4.4,0.0,0.0,23.5,28,0
2024-02-29T17:00,4.5,0.0,0.0,20.6,27,0
2024-02-29T18:00,3.7,0.0,0.0,16.7,30,0
2024-02-29T19:00,1.5,0.0,0.0,9.7,37,0
2024-02-29T20:00,-0.1,0.0,0.0,7.6,45,0
2024-02-29T21:00,0.1,0.0,0.0,10.0,46,0
2024-02-29T22:00,-1.1,0.0,0.0,7.6,52,0
2024-02-29T23:00,-1.8,0.0,0.0,7.6,55,0
2024-03-01T00:00,-2.2,0.0,0.0,7.9,56,0
2024-03-01T01:00,-2.7,0.0,0.0,8.5,59,0
2024-03-01T02:00,-3.3,0.0,0.0,7.8,60,0
2024-03-01T03:00,-4.1,0.0,0.0,7.4,64,0
2024-03-01T04:00,-4.4,0.0,0.0,8.6,67,0
2024-03-01T05:00,-4.2,0.0,0.0,8.3,67,0
2024-03-01T06:00,-3.5,0.0,0.0,6.6,65,0
2024-03-01T07:00,-3.8,0.0,0.0,5.5,69,0
2024-03-01T08:00,-3.6,0.0,0.0,3.8,77,0
2024-03-01T09:00,-0.6,0.0,0.0,4.7,59,0
2024-03-01T10:00,1.2,0.0,0.0,4.3,43,0
2024-03-01T11:00,2.8,0.0,0.0,5.6,42,0
2024-03-01T12:00,4.4,0.0,0.0,9.0,42,0
2024-03-01T13:00,5.4,0.0,0.0,11.5,42,0
2024-03-01T14:00,5.9,0.0,0.0,12.8,43,0
2024-03-01T15:00,5.6,0.0,0.0,17.3,47,1
2024-03-01T16:00,5.2,0.0,0.0,20.3,47,3
2024-03-01T17:00,4.9,0.0,0.0,20.1,49,3
2024-03-01T18:00,4.0,0.0,0.0,18.3,54,3
2024-03-01T19:00,2.5,0.0,0.0,14.6,62,3
2024-03-01T20:00,2.2,0.0,0.0,14.1,64,3
2024-03-01T21:00,2.7,0.0,0.0,14.7,69,3
2024-03-01T22:00,2.6,0.0,0.0,14.0,72,3
2024-03-01T23:00,2.2,0.0,0.0,10.1,77,3
2024-03-02T00:00,1.8,0.0,0.0,7.6,85,3
2024-03-02T01:00,2.2,0.0,0.0,6.1,86,3
2024-03-02T02:00,3.5,0.0,0.0,5.6,80,3
2024-03-02T03:00,3.7,0.0,0.0,4.7,79,3
2024-03-02T04:00,3.4,0.0,0.0,6.1,86,3
2024-03-02T05:00,3.4,0.1,0.0,5.0,87,51
2024-03-02T06:00,3.6,0.1,0.0,4.1,89,51
2024-03-02T07:00,3.9,0.1,0.0,6.4,91,51
2024-03-02T08:00,4.0,0.1,0.0,8.6,93,51
2024-03-02T09:00,5.4,0.5,0.0,9.5,95,53
2024-03-02T10:00,6.5,0.6,0.0,10.8,95,53
2024-03-02T11:00,7.6,0.6,0.0,12.6,94,53
2024-03-02T12:00,8.1,1.1,0.0,15.0,94,55
2024-03-02T13:00,8.8,2.1,0.0,16.7,93,61
2024-03-02T14:00,8.6,2.8,0.0,11.7,95,63
2024-03-02T15:00,8.9,3.0,0.0,15.8,95,63
2024-03-02T16:00,9.1,3.1,0.0,19.4,95,63
2024-03-02T17:00,9.8,4.2,0.0,26.5,95,63
2024-03-02T18:00,10.1,4.8,0.0,25.4,94,63
2024-03-02T19:00,9.8,3.9,0.0,22.6,95,63
2024-03-02T20:00,9.3,1.0,0.0,19.2,96,55
2024-03-02T21:00,9.5,0.0,0.0,7.8,99,3
2024-03-02T22:00,9.1,0.0,0.0,6.5,99,3
2024-03-02T23:00,8.9,0.0,0.0,5.5,99,3
2024-03-03T00:00,8.6,0.0,0.0,10.8,98,3
2024-03-03T01:00,8.4,0.0,0.0,13.8,96,3
2024-03-03T02:00,8.1,0.0,0.0,14.3,94,1
2024-03-03T03:00,7.4,0.0,0.0,15.5,95,1
2024-03-03T04:00,7.1,0.0,0.0,15.8,95,3
2024-03-03T05:00,7.0,0.0,0.0,13.0,94,0
2024-03-03T06:00,6.3,0.0,0.0,10.7,96,0
2024-03-03T07:00,5.9,0.0,0.0,9.7,96,0
2024-03-03T08:00,5.9,0.0,0.0,9.2,96,0
2024-03-03T09:00,8.4,0.0,0.0,10.9,91,0
2024-03-03T10:00,10.6,0.0,0.0,10.5,83,0
2024-03-03T11:00,12.9,0.0,0.0,11.7,75,0
2024-03-03T12:00,14.9,0.0,0.0,13.0,68,0
2024-03-03T13:00,16.4,0.0,0.0,12.1,63,0
2024-03-03T14:00,17.6,0.0,0.0,12.9,57,0
2024-03-03T15:00,18.5,0.0,0.0,13.6,53,0
2024-03-03T16:00,18.7,0.0,0.0,12.3,51,0
2024-03-03T17:00,18.2,0.0,0.0,11.1,52,0
2024-03-03T18:00,17.2,0.0,0.0,6.4,59,0
2024-03-03T19:00,16.5,0.0,0.0,3.3,59,0
2024-03-03T20:00,12.8,0.0,0.0,6.6,75,0
2024-03-03T21:00,11.6,0.0,0.0,5.3,84,0
2024-03-03T22:00,9.8,0.0,0.0,9.5,90,1
2024-03-03T23:00,8.9,0.0,0.0,11.9,90,0
2024-03-04T00:00,8.0,0.0,0.0,9.8,90,0
2024-03-04T01:00,7.2,0.0,0.0,10.3,91,1
2024-03-04T02:00,6.6,0.0,0.0,9.1,93,0
2024-03-04T03:00,5.6,0.0,0.0,7.9,95,0
2024-03-04T04:00,5.0,0.0,0.0,8.1,96,0
2024-03-04T05:00,4.6,0.0,0.0,8.0,96,0
2024-03-04T06:00,4.1,0.0,0.0,6.6,97,0
2024-03-04T07:00,3.7,0.0,0.0,7.3,98,0
2024-03-04T08:00,4.1,0.0,0.0,10.5,97,0
2024-03-04T09:00,7.9,0.0,0.0,9.5,87,0
2024-03-04T10:00,10.4,0.0,0.0,8.2,82,2
2024-03-04T11:00,12.6,0.0,0.0,9.1,77,3
2024-03-04T12:00,14.4,0.0,0.0,13.0,72,3
2024-03-04T13:00,14.3,0.0,0.0,18.8,72,3
2024-03-04T14:00,13.7,0.0,0.0,21.3,72,3
2024-03-04T15:00,13.2,0.0,0.0,21.8,72,3
2024-03-04T16:00,12.3,0.0,0.0,20.5,74,3
2024-03-04T17:00,10.9,0.0,0.0,19.3,79,3
2024-03-04T18:00,9.6,0.0,0.0,18.2,83,3
2024-03-04T19:00,8.1,0.0,0.0,14.8,89,0
2024-03-04T20:00,6.9,0.0,0.0,11.8,93,1
2024-03-04T21:00,5.3,0.0,0.0,8.9,96,3
2024-03-04T22:00,4.3,0.0,0.0,5.9,97,3
2024-03-04T23:00,3.9,0.0,0.0,7.0,98,3
2024-03-05T00:00,4.0,0.0,0.0,6.2,98,3
2024-03-05T01:00,5.8,0.0,0.0,10.5,91,3
2024-03-05T02:00,6.1,0.0,0.0,11.2,91,3
2024-03-05T03:00,6.1,0.0,0.0,12.4,91,3
2024-03-05T04:00,6.1,0.2,0.0,12.2,91,51
2024-03-05T05:00,6.2,0.1,0.0,12.1,92,51
2024-03-05T06:00,6.1,0.2,0.0,13.5,94,51
2024-03-05T07:00,5.9,1.0,0.0,13.8,97,55
2024-03-05T08:00,5.8,1.6,0.0,13.2,97,61
2024-03-05T09:00,5.2,2.9,0.0,20.1,98,63
2024-03-05T10:00,5.2,3.4,0.0,15.3,97,63
2024-03-05T11:00,5.6,1.2,0.0,19.8,96,55
2024-03-05T12:00,5.8,0.8,0.0,18.9,96,53
2024-03-05T13:00,6.2,0.5,0.0,19.7,97,53
2024-03-05T14:00,7.2,0.6,0.0,17.0,96,53
2024-03-05T15:00,7.3,1.2,0.0,15.0,97,55
2024-03-05T16:00,7.4,2.7,0.0,14.7,97,63
2024-03-05T17:00,8.1,2.7,0.0,10.7,98,63
2024-03-05T18:00,8.4,1.2,0.0,6.5,99,55
2024-03-05T19:00,7.9,0.0,0.0,4.0,100,3
2024-03-05T20:00,7.8,0.0,0.0,5.4,99,3
2024-03-05T21:00,7.3,0.0,0.0,7.6,96,3
2024-03-05T22:00,7.4,0.0,0.0,10.9,96,3
2024-03-05T23:00,7.2,0.0,0.0,8.8,96,2
2024-03-06T00:00,6.2,0.0,0.0,6.5,97,0
2024-03-06T01:00,5.2,0.0,0.0,9.0,98,3
2024-03-06T02:00,4.2,0.0,0.0,6.9,99,3
2024-03-06T03:00,3.8,0.0,0.0,5.6,99,3
2024-03-06T04:00,3.7,0.0,0.0,6.5,100,3
2024-03-06T05:00,4.4,0.0,0.0,5.0,99,3
2024-03-06T06:00,4.4,0.0,0.0,8.3,100,3
2024-03-06T07:00,4.6,0.0,0.0,4.7,100,3
2024-03-06T08:00,4.6,0.0,0.0,3.7,100,3
2024-03-06T09:00,7.2,0.0,0.0,3.1,94,3
2024-03-06T10:00,8.6,0.0,0.0,5.5,90,3
2024-03-06T11:00,9.6,0.0,0.0,7.5,88,3
2024-03-06T12:00,9.8,0.0,0.0,11.8,87,3
2024-03-06T13:00,9.5,0.0,0.0,8.9,86,3
2024-03-06T14:00,9.8,0.5,0.0,5.4,86,53
2024-03-06T15:00,9.6,1.5,0.0,7.0,92,61
2024-03-06T16:00,9.4,2.1,0.0,8.8,94,61
2024-03-06T17:00,9.4,1.4,0.0,10.4,95,61
2024-03-06T18:00,8.9,3.5,0.0,15.6,97,63
2024-03-06T19:00,7.9,5.6,0.0,19.7,98,63
2024-03-06T20:00,7.6,10.3,0.0,20.0,98,65
2024-03-06T21:00,7.5,4.4,0.0,20.6,98,63
2024-03-06T22:00,7.7,3.1,0.0,16.8,97,63
2024-03-06T23:00,7.9,0.8,0.0,15.4,97,53
2024-03-07T00:00,8.1,0.8,0.0,14.2,98,53
2024-03-07T01:00,8.2,0.6,0.0,12.4,98,53
2024-03-07T02:00,8.4,0.5,0.0,13.0,98,53
2024-03-07T03:00,8.9,0.2,0.0,16.2,97,51
2024-03-07T04:00,9.2,0.2,0.0,19.8,96,51
2024-03-07T05:00,8.7,0.4,0.0,23.3,94,51
2024-03-07T06:00,8.1,0.3,0.0,20.5,95,51
2024-03-07T07:00,7.8,0.4,0.0,23.1,95,51
2024-03-07T08:00,7.8,0.1,0.0,24.1,91,51
2024-03-07T09:00,9.3,0.0,0.0,24.9,85,3
2024-03-07T10:00,10.2,0.0,0.0,24.5,79,3
2024-03-07T11:00,10.3,0.0,0.0,21.7,77,3
2024-03-07T12:00,12.1,0.0,0.0,28.0,69,3
2024-03-07T13:00,12.1,0.0,0.0,24.9,67,3
2024-03-07T14:00,12.0,0.0,0.0,26.4,65,3
2024-03-07T15:00,12.2,0.0,0.0,22.5,63,3
2024-03-07T16:00,12.2,0.0,0.0,21.6,63,3
2024-03-07T17:00,12.6,0.0,0.0,24.4,60,3
2024-03-07T18:00,12.1,0.0,0.0,21.0,61,3
2024-03-07T19:00,11.1,0.0,0.0,18.1,63,3
2024-03-07T20:00,10.0,0.0,0.0,17.6,65,3
2024-03-07T21:00,8.3,0.0,0.0,24.1,66,3
2024-03-07T22:00,7.1,0.0,0.0,23.8,68,0
2024-03-07T23:00,5.8,0.0,0.0,22.7,73,0
2024-03-08T00:00,4.9,0.0,0.0,21.6,75,0
2024-03-08T01:00,4.3,0.0,0.0,20.0,75,0
2024-03-08T02:00,3.8,0.0,0.0,18.7,75,0
2024-03-08T03:00,3.3,0.0,0.0,17.4,76,0
2024-03-08T04:00,2.6,0.0,0.0,14.9,78,0
2024-03-08T05:00,1.9,0.0,0.0,12.2,81,0
2024-03-08T06:00,1.1,0.0,0.0,10.4,84,0
2024-03-08T07:00,0.8,0.0,0.0,11.9,85,0
2024-03-08T08:00,1.4,0.0,0.0,15.1,82,3
2024-03-08T09:00,3.9,0.0,0.0,14.6,74,3
2024-03-08T10:00,6.4,0.0,0.0,17.1,59,3
2024-03-08T11:00,8.0,0.0,0.0,15.1,51,3
2024-03-08T12:00,9.4,0.0,0.0,10.5,49,3
2024-03-08T13:00,10.6,0.0,0.0,9.2,47,3
2024-03-08T14:00,11.5,0.0,0.0,6.6,44,2
2024-03-08T15:00,12.2,0.0,0.0,7.2,40,1
2024-03-08T16:00,12.4,0.0,0.0,6.9,39,3
2024-03-08T17:00,11.4,0.0,0.0,10.6,47,3
2024-03-08T18:00,9.4,0.0,0.0,13.1,56,3
2024-03-08T19:00,6.6,0.0,0.0,11.4,66,3
2024-03-08T20:00,4.9,0.0,0.0,10.6,70,3
2024-03-08T21:00,4.7,0.0,0.0,12.1,72,3
2024-03-08T22:00,4.4,0.0,0.0,12.6,76,3
2024-03-08T23:00,4.6,0.0,0.0,9.3,77,3
2024-03-09T00:00,4.1,0.0,0.0,9.2,82,3
2024-03-09T01:00,4.2,0.0,0.0,8.0,83,3
2024-03-09T02:00,4.1,0.0,0.0,9.7,83,3
2024-03-09T03:00,3.8,0.0,0.0,8.0,85,3
2024-03-09T04:00,3.8,0.0,0.0,10.5,86,3
2024-03-09T05:00,3.8,0.0,0.0,11.9,85,3
2024-03-09T06:00,3.8,0.0,0.0,14.1,82,3
2024-03-09T07:00,4.0,0.0,0.0,15.8,80,3
2024-03-09T08:00,4.2,0.0,0.0,17.4,78,3
2024-03-09T09:00,4.8,0.0,0.0,18.8,75,3
2024-03-09T10:00,5.2,0.0,0.0,21.4,74,3
2024-03-09T11:00,5.6,0.0,0.0,23.5,73,3
2024-03-09T12:00,5.9,0.0,0.0,26.5,73,3
2024-03-09T13:00,5.6,0.1,0.0,25.3,78,51
2024-03-09T14:00,5.7,0.2,0.0,26.3,81,51
2024-03-09T15:00,5.8,0.1,0.0,25.4,82,51
2024-03-09T16:00,5.3,0.8,0.0,26.3,93,53
2024-03-09T17:00,5.7,1.1,0.0,22.1,94,55
2024-03-09T18:00,6.1,1.4,0.0,24.7,93,61
2024-03-09T19:00,6.2,2.5,0.0,27.7,94,63
2024-03-09T20:00,6.5,1.2,0.0,33.5,94,55
2024-03-09T21:00,7.1,5.3,0.0,26.6,96,63
2024-03-09T22:00,7.4,7.4,0.0,31.3,96,63
2024-03-09T23:00,7.9,8.6,0.0,20.9,96,65
2024-03-10T00:00,8.1,14.8,0.0,4.7,97,65
2024-03-10T01:00,9.5,4.9,0.0,15.0,97,63
2024-03-10T02:00,9.9,0.0,0.0,7.6,97,3
2024-03-10T03:00,9.6,0.0,0.0,9.8,98,3
2024-03-10T04:00,7.9,0.1,0.0,16.6,98,51
2024-03-10T05:00,6.7,0.0,0.0,17.2,95,2
2024-03-10T06:00,5.8,0.0,0.0,17.8,93,2
2024-03-10T07:00,5.7,0.2,0.0,15.9,92,51
2024-03-10T08:00,6.2,0.1,0.0,17.7,89,51
2024-03-10T09:00,7.8,0.0,0.0,24.2,82,3
2024-03-10T10:00,8.3,0.0,0.0,22.7,74,3
2024-03-10T11:00,8.4,0.0,0.0,21.7,66,1
2024-03-10T12:00,10.9,0.0,0.0,28.2,51,2
2024-03-10T13:00,10.8,0.0,0.0,24.4,48,3
2024-03-10T14:00,9.7,0.1,0.0,25.1,52,51
2024-03-10T15:00,8.8,0.2,0.0,28.0,53,51
2024-03-10T16:00,7.9,0.4,0.0,30.6,58,51
2024-03-10T17:00,6.8,0.1,0.0,26.7,51,51
2024-03-10T18:00,6.8,0.0,0.0,21.4,45,3
2024-03-10T19:00,5.8,0.0,0.0,29.9,44,3
2024-03-10T20:00,4.2,0.0,0.0,27.7,53,3
2024-03-10T21:00,3.5,0.0,0.0,24.6,52,0
2024-03-10T22:00,2.8,0.0,0.0,26.8,55,0
2024-03-10T23:00,2.2,0.0,0.0,26.5,54,1
2024-03-11T00:00,1.9,0.0,0.0,26.5,53,1
2024-03-11T01:00,1.9,0.0,0.0,26.0,51,3
2024-03-11T02:00,1.3,0.0,0.0,26.6,53,3
2024-03-11T03:00,1.6,0.0,0.0,28.0,52,3
2024-03-11T04:00,1.5,0.0,0.0,29.5,52,3
2024-03-11T05:00,1.2,0.0,0.0,30.8,53,3
2024-03-11T06:00,1.1,0.0,0.0,29.6,51,1
2024-03-11T07:00,1.0,0.0,0.0,27.9,53,1
2024-03-11T08:00,1.2,0.0,0.0,27.7,56,0
2024-03-11T09:00,4.1,0.0,0.0,40.2,49,0
2024-03-11T10:00,4.8,0.0,0.0,45.9,46,1
2024-03-11T11:00,5.2,0.0,0.0,44.3,44,2
2024-03-11T12:00,6.4,0.0,0.0,41.6,39,0
2024-03-11T13:00,8.4,0.0,0.0,38.2,33,0
2024-03-11T14:00,9.1,0.0,0.0,35.8,32,0
2024-03-11T15:00,9.8,0.0,0.0,37.4,29,0
2024-03-11T16:00,10.1,0.0,0.0,36.6,26,0
2024-03-11T17:00,9.9,0.0,0.0,34.2,24,0
2024-03-11T18:00,9.0,0.0,0.0,27.4,29,0
2024-03-11T19:00,7.3,0.0,0.0,20.8,30,0
2024-03-11T20:00,6.2,0.0,0.0,16.1,32,0
2024-03-11T21:00,6.3,0.0,0.0,14.4,34,0
2024-03-11T22:00,5.9,0.0,0.0,19.1,36,0
2024-03-11T23:00,5.7,0.0,0.0,22.2,36,0
2024-03-12T00:00,5.2,0.0,0.0,20.2,38,0
2024-03-12T01:00,4.6,0.0,0.0,18.4,39,0
2024-03-12T02:00,4.1,0.0,0.0,14.4,42,0
2024-03-12T03:00,3.0,0.0,0.0,12.7,46,0
2024-03-12T04:00,2.8,0.0,0.0,13.3,48,0
2024-03-12T05:00,2.5,0.0,0.0,13.4,50,0
2024-03-12T06:00,3.0,0.0,0.0,13.6,52,2
2024-03-12T07:00,3.5,0.0,0.0,15.3,53,2
2024-03-12T08:00,4.3,0.0,0.0,19.2,55,1
2024-03-12T09:00,7.9,0.0,0.0,15.4,53,0
2024-03-12T10:00,10.6,0.0,0.0,16.8,47,1
2024-03-12T11:00,12.6,0.0,0.0,19.9,43,2
2024-03-12T12:00,14.1,0.0,0.0,18.7,43,0
2024-03-12T13:00,15.2,0.0,0.0,19.4,42,0
2024-03-12T14:00,16.5,0.0,0.0,20.7,40,0
2024-03-12T15:00,17.1,0.0,0.0,21.5,39,1
2024-03-12T16:00,17.5,0.0,0.0,21.4,38,1
2024-03-12T17:00,17.4,0.0,0.0,20.0,38,0
2024-03-12T18:00,16.1,0.0,0.0,12.1,45,0
2024-03-12T19:00,10.7,0.0,0.0,12.6,66,3
2024-03-12T20:00,9.4,0.0,0.0,10.1,72,3
2024-03-12T21:00,9.9,0.0,0.0,7.7,68,3
2024-03-12T22:00,7.9,0.0,0.0,9.4,79,0
2024-03-12T23:00,6.2,0.0,0.0,8.8,86,0
2024-03-13T00:00,5.2,0.0,0.0,8.3,88,1
2024-03-13T01:00,5.3,0.0,0.0,7.7,80,1
2024-03-13T02:00,4.9,0.0,0.0,9.1,77,0
2024-03-13T03:00,4.1,0.0,0.0,9.9,81,1
2024-03-13T04:00,3.3,0.0,0.0,6.8,84,2
2024-03-13T05:00,2.8,0.0,0.0,5.6,88,0
2024-03-13T06:00,2.5,0.0,0.0,5.1,88,3
2024-03-13T07:00,2.6,0.0,0.0,4.6,87,3
2024-03-13T08:00,3.5,0.0,0.0,6.3,85,3
2024-03-13T09:00,7.6,0.0,0.0,4.4,70,3
2024-03-13T10:00,10.5,0.0,0.0,2.6,61,3
2024-03-13T11:00,13.1,0.0,0.0,6.3,54,3
2024-03-13T12:00,14.9,0.0,0.0,11.3,47,3
2024-03-13T13:00,15.4,0.0,0.0,14.7,44,3
2024-03-13T14:00,15.3,0.0,0.0,14.8,47,3
2024-03-13T15:00,15.2,0.0,0.0,13.4,52,2
2024-03-13T16:00,15.0,0.0,0.0,14.3,56,0
2024-03-13T17:00,13.6,0.0,0.0,15.0,62,0
2024-03-13T18:00,11.9,0.0,0.0,11.5,69,0
2024-03-13T19:00,9.9,0.0,0.0,11.6,76,0
2024-03-13T20:00,8.6,0.0,0.0,7.8,85,0
2024-03-13T21:00,7.5,0.0,0.0,8.2,86,0
2024-03-13T22:00,7.9,0.0,0.0,8.1,82,0
2024-03-13T23:00,8.9,0.0,0.0,8.0,78,0
2024-03-14T00:00,7.8,0.0,0.0,7.5,82,0
2024-03-14T01:00,6.6,0.0,0.0,9.8,86,0
2024-03-14T02:00,6.3,0.0,0.0,8.2,85,0
2024-03-14T03:00,5.1,0.0,0.0,10.8,88,0
2024-03-14T04:00,5.1,0.0,0.0,8.6,86,2
2024-03-14T05:00,4.8,0.0,0.0,8.7,87,0
2024-03-14T06:00,4.3,0.0,0.0,9.0,90,1
2024-03-14T07:00,4.0,0.0,0.0,9.7,91,3
2024-03-14T08:00,6.8,0.0,0.0,7.8,82,3
2024-03-14T09:00,9.8,0.0,0.0,6.4,75,3
2024-03-14T10:00,13.8,0.0,0.0,3.4,66,2
2024-03-14T11:00,16.8,0.0,0.0,5.3,53,0
2024-03-14T12:00,19.0,0.0,0.0,4.8,40,0
2024-03-14T13:00,20.1,0.0,0.0,4.5,37,0
2024-03-14T14:00,20.8,0.0,0.0,4.7,38,3
2024-03-14T15:00,21.2,0.0,0.0,4.2,39,3
2024-03-14T16:00,21.2,0.0,0.0,9.7,44,2
2024-03-14T17:00,18.6,0.0,0.0,15.8,51,3
2024-03-14T18:00,14.9,0.0,0.0,10.9,60,3
2024-03-14T19:00,12.3,0.0,0.0,10.7,65,2
2024-03-14T20:00,10.4,0.0,0.0,8.2,69,3
2024-03-14T21:00,10.3,0.0,0.0,7.7,65,3
2024-03-14T22:00,9.9,0.0,0.0,7.6,65,2
2024-03-14T23:00,9.3,0.0,0.0,8.1,68,3
2024-03-15T00:00,10.1,0.0,0.0,8.6,62,3
2024-03-15T01:00,11.7,0.0,0.0,10.6,54,3
2024-03-15T02:00,13.1,0.0,0.0,11.3,51,3
2024-03-15T03:00,13.7,0.0,0.0,12.5,50,3
2024-03-15T04:00,14.5,0.0,0.0,14.1,50,3
2024-03-15T05:00,13.2,0.0,0.0,8.3,58,3
2024-03-15T06:00,12.6,0.8,0.0,10.8,65,53
2024-03-15T07:00,11.9,0.0,0.0,8.3,72,3
2024-03-15T08:00,12.2,0.0,0.0,7.2,72,3
2024-03-15T09:00,15.1,0.0,0.0,18.4,67,3
2024-03-15T10:00,18.0,0.0,0.0,24.1,62,3
2024-03-15T11:00,18.5,0.0,0.0,17.3,65,3
2024-03-15T12:00,19.8,0.0,0.0,18.7,64,3
2024-03-15T13:00,21.6,0.0,0.0,22.9,54,3
2024-03-15T14:00,21.2,0.0,0.0,22.8,53,3
2024-03-15T15:00,21.0,0.0,0.0,22.7,49,3
2024-03-15T16:00,20.0,0.0,0.0,22.9,45,3
2024-03-15T17:00,18.4,0.0,0.0,23.2,45,3
2024-03-15T18:00,16.6,0.0,0.0,17.3,50,3
2024-03-15T19:00,14.6,0.0,0.0,15.5,54,3
2024-03-15T20:00,12.7,0.0,0.0,13.0,63,3
2024-03-15T21:00,10.4,0.0,0.0,10.6,68,2
2024-03-15T22:00,9.4,0.0,0.0,9.0,78,3
2024-03-15T23:00,8.2,0.0,0.0,8.1,84,3
2024-03-16T00:00,7.9,0.0,0.0,10.7,85,1
2024-03-16T01:00,7.1,0.0,0.0,10.2,87,1
2024-03-16T02:00,6.2,0.0,0.0,8.2,91,3
2024-03-16T03:00,6.4,0.0,0.0,7.6,87,3
2024-03-16T04:00,7.3,0.0,0.0,6.2,80,1
2024-03-16T05:00,6.2,0.0,0.0,5.8,84,0
2024-03-16T06:00,5.4,0.0,0.0,7.6,82,0
2024-03-16T07:00,4.8,0.0,0.0,8.0,81,1
2024-03-16T08:00,5.6,0.0,0.0,9.7,80,0
2024-03-16T09:00,7.9,0.0,0.0,7.9,73,0
2024-03-16T10:00,9.9,0.0,0.0,7.1,66,0
2024-03-16T11:00,11.4,0.0,0.0,5.1,59,1
2024-03-16T12:00,12.6,0.1,0.0,11.6,50,51
2024-03-16T13:00,13.2,0.0,0.0,14.2,46,3
2024-03-16T14:00,14.4,0.0,0.0,18.0,40,1
2024-03-16T15:00,14.1,0.0,0.0,13.4,39,0
2024-03-16T16:00,13.1,0.0,0.0,20.7,61,0
2024-03-16T17:00,12.7,0.0,0.0,17.9,65,2
2024-03-16T18:00,12.3,0.0,0.0,7.7,69,1
2024-03-16T19:00,10.6,0.0,0.0,9.1,68,0
2024-03-16T20:00,8.6,0.0,0.0,9.4,62,0
2024-03-16T21:00,9.6,0.0,0.0,11.8,51,0
2024-03-16T22:00,8.4,0.0,0.0,10.0,56,0
2024-03-16T23:00,8.1,0.0,0.0,14.2,59,1
2024-03-17T00:00,7.6,0.0,0.0,12.4,67,1
2024-03-17T01:00,7.2,0.0,0.0,14.8,74,3
2024-03-17T02:00,7.8,0.0,0.0,14.7,72,3
2024-03-17T03:00,8.2,0.3,0.0,11.5,69,51
2024-03-17T04:00,8.8,0.1,0.0,16.9,74,51
2024-03-17T05:00,9.4,0.0,0.0,19.3,76,3
2024-03-17T06:00,9.6,0.0,0.0,18.6,76,1
2024-03-17T07:00,9.3,0.0,0.0,16.9,78,1
2024-03-17T08:00,9.8,0.0,0.0,18.2,76,0
2024-03-17T09:00,10.6,0.0,0.0,13.5,70,3
2024-03-17T10:00,11.1,0.0,0.0,14.3,67,2
2024-03-17T11:00,12.8,0.0,0.0,19.9,56,0
2024-03-17T12:00,14.6,0.0,0.0,25.6,44,1
2024-03-17T13:00,15.2,0.0,0.0,26.9,38,0
2024-03-17T14:00,15.8,0.0,0.0,28.8,34,1
2024-03-17T15:00,15.4,0.0,0.0,28.1,33,2
2024-03-17T16:00,15.1,0.0,0.0,27.0,33,1
2024-03-17T17:00,14.2,0.0,0.0,27.1,33,3
2024-03-17T18:00,13.2,0.0,0.0,20.6,38,0
2024-03-17T19:00,11.4,0.0,0.0,16.1,42,0
2024-03-17T20:00,9.5,0.0,0.0,10.9,47,2
2024-03-17T21:00,9.4,0.0,0.0,8.3,47,3
2024-03-17T22:00,7.6,0.0,0.0,9.8,58,3
2024-03-17T23:00,7.9,0.0,0.0,9.1,54,3
2024-03-18T00:00,8.1,0.0,0.0,12.9,50,3
2024-03-18T01:00,7.4,0.0,0.0,15.8,46,3
2024-03-18T02:00,6.9,0.0,0.0,14.8,48,3
2024-03-18T03:00,6.4,0.0,0.0,12.1,50,3
2024-03-18T04:00,6.0,0.0,0.0,11.8,52,3
2024-03-18T05:00,5.9,0.0,0.0,12.0,50,3
2024-03-18T06:00,5.7,0.0,0.0,13.8,49,3
2024-03-18T07:00,4.8,0.0,0.0,13.2,52,0
2024-03-18T08:00,4.2,0.0,0.0,11.3,62,1
2024-03-18T09:00,6.1,0.0,0.0,13.2,56,3
2024-03-18T10:00,7.2,0.0,0.0,16.1,45,3
2024-03-18T11:00,8.2,0.0,0.0,19.6,39,2
2024-03-18T12:00,8.6,0.0,0.0,20.0,37,3
2024-03-18T13:00,8.7,0.0,0.0,19.6,37,2
2024-03-18T14:00,8.8,0.0,0.0,19.1,37,3
2024-03-18T15:00,8.9,0.0,0.0,19.3,36,2
2024-03-18T16:00,9.2,0.0,0.0,19.7,34,3
2024-03-18T17:00,8.8,0.0,0.0,20.6,34,3
2024-03-18T18:00,8.0,0.0,0.0,20.4,34,3
2024-03-18T19:00,6.9,0.0,0.0,17.7,38,3
2024-03-18T20:00,5.8,0.0,0.0,16.1,41,3
2024-03-18T21:00,4.2,0.0,0.0,16.4,42,1
2024-03-18T22:00,3.3,0.0,0.0,14.8,45,0
2024-03-18T23:00,2.4,0.0,0.0,14.2,49,0
2024-03-19T00:00,1.9,0.0,0.0,16.4,52,0
2024-03-19T01:00,1.5,0.0,0.0,15.0,55,0
2024-03-19T02:00,0.9,0.0,0.0,14.1,58,0
2024-03-19T03:00,0.5,0.0,0.0,13.9,62,0
2024-03-19T04:00,0.4,0.0,0.0,14.9,62,1
2024-03-19T05:00,0.4,0.0,0.0,15.8,62,0
2024-03-19T06:00,0.3,0.0,0.0,14.5,64,0
2024-03-19T07:00,0.2,0.0,0.0,11.8,66,2
2024-03-19T08:00,1.4,0.0,0.0,16.1,59,3
2024-03-19T09:00,2.4,0.0,0.0,22.5,50,3
2024-03-19T10:00,3.2,0.0,0.0,26.4,46,2
2024-03-19T11:00,4.8,0.0,0.0,27.8,40,1
2024-03-19T12:00,6.1,0.0,0.0,26.9,36,2
2024-03-19T13:00,6.7,0.0,0.0,26.2,36,3
2024-03-19T14:00,7.1,0.0,0.0,25.2,35,3
2024-03-19T15:00,7.5,0.0,0.0,25.2,35,2
2024-03-19T16:00,7.1,0.0,0.0,25.2,36,3
2024-03-19T17:00,6.7,0.0,0.0,25.3,36,3
2024-03-19T18:00,6.4,0.0,0.0,24.7,36,3
2024-03-19T19:00,5.8,0.0,0.0,16.5,41,3
2024-03-19T20:00,5.0,0.1,0.0,12.7,49,51
2024-03-19T21:00,4.2,0.1,0.0,16.0,55,51
2024-03-19T22:00,2.7,0.3,0.14,4.4,76,71
2024-03-19T23:00,2.7,0.0,0.0,5.1,80,3
2024-03-20T00:00,1.1,0.0,0.0,6.6,89,1
2024-03-20T01:00,1.1,0.0,0.0,7.2,86,2
2024-03-20T02:00,2.3,0.0,0.0,9.4,77,3
2024-03-20T03:00,3.2,0.0,0.0,11.9,67,2
2024-03-20T04:00,2.0,0.0,0.0,13.3,70,1
2024-03-20T05:00,2.5,0.0,0.0,14.8,68,3
2024-03-20T06:00,3.0,0.0,0.0,15.6,66,0
2024-03-20T07:00,2.3,0.0,0.0,15.3,68,0
2024-03-20T08:00,3.2,0.0,0.0,17.6,65,0
2024-03-20T09:00,6.2,0.0,0.0,12.0,59,3
2024-03-20T10:00,7.4,0.0,0.0,8.6,55,3
2024-03-20T11:00,8.9,0.0,0.0,8.2,51,3
2024-03-20T12:00,10.1,0.0,0.0,11.5,49,3
2024-03-20T13:00,10.6,0.8,0.0,12.6,53,53
2024-03-20T14:00,10.1,0.7,0.0,8.0,59,53
2024-03-20T15:00,11.8,0.0,0.0,6.6,50,3
2024-03-20T16:00,11.9,0.0,0.0,10.8,52,3
2024-03-20T17:00,11.0,0.3,0.0,18.7,64,51
2024-03-20T18:00,9.9,0.0,0.0,16.6,64,3
2024-03-20T19:00,7.7,1.0,0.0,30.7,56,55
2024-03-20T20:00,6.5,0.0,0.0,25.1,53,1
2024-03-20T21:00,4.2,0.0,0.0,28.5,48,0
2024-03-20T22:00,3.1,0.0,0.0,26.3,37,0
2024-03-20T23:00,1.4,0.0,0.0,20.9,37,0
2024-03-21T00:00,0.4,0.0,0.0,20.0,39,0
2024-03-21T01:00,-0.4,0.0,0.0,16.6,41,0
2024-03-21T02:00,-1.3,0.0,0.0,16.3,43,0
2024-03-21T03:00,-2.0,0.0,0.0,15.5,46,0
2024-03-21T04:00,-2.5,0.0,0.0,14.4,48,0
2024-03-21T05:00,-3.0,0.0,0.0,14.2,51,0
2024-03-21T06:00,-3.3,0.0,0.0,14.7,52,0
2024-03-21T07:00,-3.7,0.0,0.0,16.0,53,0
2024-03-21T08:00,-2.7,0.0,0.0,19.5,50,0
2024-03-21T09:00,-0.3,0.0,0.0,26.7,43,0
2024-03-21T10:00,0.6,0.0,0.0,27.2,43,3
2024-03-21T11:00,1.6,0.0,0.0,26.1,40,3
2024-03-21T12:00,2.7,0.0,0.0,27.4,37,3
2024-03-21T13:00,4.0,0.0,0.0,29.6,32,1
2024-03-21T14:00,5.3,0.0,0.0,30.3,26,1
2024-03-21T15:00,5.2,0.0,0.0,25.6,28,0
2024-03-21T16:00,5.6,0.0,0.0,25.3,26,0
2024-03-21T17:00,5.4,0.0,0.0,24.3,26,0
2024-03-21T18:00,4.7,0.0,0.0,22.7,27,0
2024-03-21T19:00,2.8,0.0,0.0,16.6,32,0
2024-03-21T20:00,1.5,0.0,0.0,15.9,35,0
2024-03-21T21:00,0.5,0.0,0.0,10.5,40,0
2024-03-21T22:00,-0.8,0.0,0.0,7.7,48,0
2024-03-21T23:00,-1.5,0.0,0.0,8.3,52,0
2024-03-22T00:00,-1.8,0.0,0.0,9.7,53,0
2024-03-22T01:00,-2.0,0.0,0.0,13.1,50,0
2024-03-22T02:00,-2.5,0.0,0.0,12.3,52,0
2024-03-22T03:00,-3.2,0.0,0.0,10.7,55,0
2024-03-22T04:00,-3.7,0.0,0.0,9.4,57,0
2024-03-22T05:00,-4.2,0.0,0.0,7.9,59,0
2024-03-22T06:00,-5.2,0.0,0.0,8.4,69,0
2024-03-22T07:00,-4.8,0.0,0.0,5.9,73,0
2024-03-22T08:00,-2.9,0.0,0.0,8.2,63,0
2024-03-22T09:00,-0.8,0.0,0.0,9.2,47,0
2024-03-22T10:00,0.5,0.0,0.0,5.7,45,1
2024-03-22T11:00,1.8,0.0,0.0,3.8,45,0
2024-03-22T12:00,3.2,0.0,0.0,1.8,45,3
2024-03-22T13:00,4.3,0.0,0.0,5.7,45,0
2024-03-22T14:00,5.3,0.0,0.0,10.0,45,0
2024-03-22T15:00,5.7,0.0,0.0,12.8,40,0
2024-03-22T16:00,5.2,0.0,0.0,17.5,41,0
2024-03-22T17:00,4.7,0.0,0.0,18.9,47,3
2024-03-22T18:00,3.8,0.0,0.0,18.2,54,1
2024-03-22T19:00,3.5,0.0,0.0,16.4,63,3
2024-03-22T20:00,3.7,0.0,0.0,13.9,68,3
2024-03-22T21:00,3.3,0.0,0.0,10.3,67,3
2024-03-22T22:00,3.6,0.0,0.0,10.3,68,3
2024-03-22T23:00,3.8,0.0,0.0,10.2,70,3
2024-03-23T00:00,3.7,0.0,0.0,9.1,73,3
2024-03-23T01:00,3.2,0.0,0.0,11.5,78,3
2024-03-23T02:00,3.0,0.0,0.0,11.6,78,3
2024-03-23T03:00,3.4,0.0,0.0,13.2,80,3
2024-03-23T04:00,3.9,0.8,0.0,13.2,86,53
2024-03-23T05:00,4.2,1.6,0.0,10.1,93,61
2024-03-23T06:00,4.8,2.4,0.0,12.0,96,61
2024-03-23T07:00,5.7,1.9,0.0,11.6,97,61
2024-03-23T08:00,7.2,3.8,0.0,12.0,97,63
2024-03-23T09:00,6.3,4.0,0.0,7.4,97,63
2024-03-23T10:00,7.7,4.9,0.0,5.4,96,63
2024-03-23T11:00,8.9,5.3,0.0,8.2,96,63
2024-03-23T12:00,10.0,3.4,0.0,8.4,95,63
2024-03-23T13:00,9.9,4.7,0.0,13.8,95,63
2024-03-23T14:00,9.4,8.1,0.0,10.4,96,65
2024-03-23T15:00,8.9,12.7,0.0,21.4,97,65
2024-03-23T16:00,8.2,8.4,0.0,30.5,97,65
2024-03-23T17:00,6.3,1.3,0.0,30.8,94,61
2024-03-23T18:00,6.2,0.3,0.0,33.0,88,51
2024-03-23T19:00,5.6,0.0,0.0,28.1,88,3
2024-03-23T20:00,4.9,0.0,0.0,26.7,87,3
2024-03-23T21:00,3.6,0.0,0.0,26.6,83,2
2024-03-23T22:00,2.0,0.0,0.0,31.9,76,3
2024-03-23T23:00,1.1,0.0,0.0,33.3,69,3
2024-03-24T00:00,0.3,0.0,0.0,33.5,62,0
2024-03-24T01:00,-0.3,0.0,0.0,30.8,58,0
2024-03-24T02:00,-0.6,0.0,0.0,26.3,53,0
2024-03-24T03:00,-1.0,0.0,0.0,21.9,49,0
2024-03-24T04:00,-1.4,0.0,0.0,18.6,46,0
2024-03-24T05:00,-1.8,0.0,0.0,16.6,45,0
2024-03-24T06:00,-2.1,0.0,0.0,14.4,46,0
2024-03-24T07:00,-2.4,0.0,0.0,15.1,47,0
2024-03-24T08:00,-1.5,0.0,0.0,15.4,51,0
2024-03-24T09:00,1.0,0.0,0.0,16.8,45,0
2024-03-24T10:00,2.2,0.0,0.0,19.7,43,0
2024-03-24T11:00,3.5,0.0,0.0,23.2,36,0
2024-03-24T12:00,4.9,0.0,0.0,22.7,37,0
2024-03-24T13:00,6.1,0.0,0.0,20.9,34,0
2024-03-24T14:00,7.2,0.0,0.0,19.4,36,0
2024-03-24T15:00,8.4,0.0,0.0,18.4,32,0
2024-03-24T16:00,8.4,0.0,0.0,18.8,32,0
2024-03-24T17:00,8.6,0.0,0.0,16.6,32,0
2024-03-24T18:00,7.8,0.0,0.0,17.6,30,0
2024-03-24T19:00,5.7,0.0,0.0,11.9,35,0
2024-03-24T20:00,4.2,0.0,0.0,13.1,39,0
2024-03-24T21:00,3.1,0.0,0.0,17.7,42,0
2024-03-24T22:00,2.0,0.0,0.0,17.4,43,0
2024-03-24T23:00,1.0,0.0,0.0,14.9,47,0
2024-03-25T00:00,0.4,0.0,0.0,14.0,52,0
2024-03-25T01:00,-0.2,0.0,0.0,13.1,55,0
2024-03-25T02:00,-0.7,0.0,0.0,11.8,59,0
2024-03-25T03:00,-1.0,0.0,0.0,12.7,61,0
2024-03-25T04:00,-1.2,0.0,0.0,13.3,61,0
2024-03-25T05:00,-1.4,0.0,0.0,14.2,61,0
2024-03-25T06:00,-1.5,0.0,0.0,14.4,60,0
2024-03-25T07:00,-1.4,0.0,0.0,14.7,59,0
2024-03-25T08:00,0.2,0.0,0.0,16.1,61,0
2024-03-25T09:00,2.5,0.0,0.0,17.1,54,0
2024-03-25T10:00,4.3,0.0,0.0,20.9,47,0
2024-03-25T11:00,5.8,0.0,0.0,21.6,47,0
2024-03-25T12:00,7.2,0.0,0.0,22.1,44,0
2024-03-25T13:00,8.4,0.0,0.0,20.9,39,0
2024-03-25T14:00,9.4,0.0,0.0,19.3,39,0
2024-03-25T15:00,10.1,0.0,0.0,17.2,41,0
2024-03-25T16:00,10.2,0.0,0.0,15.7,43,0
2024-03-25T17:00,10.0,0.0,0.0,13.8,45,0
2024-03-25T18:00,9.3,0.0,0.0,14.4,47,0
2024-03-25T19:00,7.2,0.0,0.0,10.5,54,0
2024-03-25T20:00,5.6,0.0,0.0,12.0,56,0
2024-03-25T21:00,5.1,0.0,0.0,9.2,58,0
2024-03-25T22:00,4.5,0.0,0.0,11.8,57,0
2024-03-25T23:00,4.2,0.0,0.0,14.5,63,0
2024-03-26T00:00,3.2,0.0,0.0,16.6,59,0
2024-03-26T01:00,2.2,0.0,0.0,16.2,57,0
2024-03-26T02:00,1.5,0.0,0.0,14.3,57,0
2024-03-26T03:00,0.9,0.0,0.0,10.9,59,1
2024-03-26T04:00,0.5,0.0,0.0,13.1,61,0
2024-03-26T05:00,0.2,0.0,0.0,14.3,61,0
2024-03-26T06:00,0.1,0.0,0.0,15.3,61,2
2024-03-26T07:00,0.2,0.0,0.0,15.1,61,2
2024-03-26T08:00,2.0,0.0,0.0,15.5,60,3
2024-03-26T09:00,4.8,0.0,0.0,14.4,52,3
2024-03-26T10:00,6.8,0.0,0.0,17.6,54,3
2024-03-26T11:00,8.7,0.0,0.0,18.8,56,3
2024-03-26T12:00,9.1,0.0,0.0,14.5,57,3
2024-03-26T13:00,9.6,0.0,0.0,14.2,57,3
2024-03-26T14:00,9.9,0.0,0.0,11.1,59,3
2024-03-26T15:00,9.7,0.0,0.0,12.2,61,3
2024-03-26T16:00,9.7,0.0,0.0,13.1,61,3
2024-03-26T17:00,9.9,0.0,0.0,12.6,61,3
2024-03-26T18:00,9.6,0.0,0.0,10.7,63,3
2024-03-26T19:00,8.9,0.0,0.0,5.1,68,3
2024-03-26T20:00,8.4,0.0,0.0,10.5,71,3
2024-03-26T21:00,6.2,0.0,0.0,8.8,77,3
2024-03-26T22:00,6.2,0.0,0.0,7.2,80,3
2024-03-26T23:00,6.0,0.0,0.0,3.9,83,3
2024-03-27T00:00,6.0,0.0,0.0,9.0,83,3
2024-03-27T01:00,5.8,0.0,0.0,11.2,78,3
2024-03-27T02:00,5.3,0.0,0.0,4.7,79,3
2024-03-27T03:00,4.9,0.0,0.0,6.2,81,3
2024-03-27T04:00,4.8,0.0,0.0,6.3,81,3
2024-03-27T05:00,4.8,0.0,0.0,5.4,81,3
2024-03-27T06:00,4.9,0.0,0.0,5.0,81,3
2024-03-27T07:00,5.1,0.0,0.0,5.2,81,3
2024-03-27T08:00,5.6,0.0,0.0,4.9,79,3
2024-03-27T09:00,5.8,0.0,0.0,5.0,77,3
2024-03-27T10:00,6.5,0.0,0.0,5.6,76,3
2024-03-27T11:00,7.2,0.0,0.0,4.2,75,3
2024-03-27T12:00,8.4,0.0,0.0,1.8,73,3
2024-03-27T13:00,8.8,0.0,0.0,0.4,72,3
2024-03-27T14:00,9.6,0.0,0.0,3.8,71,3
2024-03-27T15:00,10.1,0.0,0.0,6.9,71,3
2024-03-27T16:00,10.4,0.0,0.0,4.7,71,3
2024-03-27T17:00,10.9,0.0,0.0,5.6,71,3
2024-03-27T18:00,10.6,0.0,0.0,4.6,73,3
2024-03-27T19:00,10.0,0.6,0.0,3.7,84,53
2024-03-27T20:00,9.7,0.0,0.0,2.3,84,3
2024-03-27T21:00,7.4,0.0,0.0,3.6,95,3
2024-03-27T22:00,8.1,0.0,0.0,6.2,94,3
2024-03-27T23:00,8.1,0.0,0.0,5.6,94,3
2024-03-28T00:00,7.9,0.4,0.0,2.2,97,51
2024-03-28T01:00,7.8,2.0,0.0,3.0,98,61
2024-03-28T02:00,7.8,1.5,0.0,2.7,98,61
2024-03-28T03:00,7.8,0.9,0.0,3.8,98,53
2024-03-28T04:00,7.7,1.1,0.0,6.7,98,55
2024-03-28T05:00,7.6,2.3,0.0,8.9,98,61
2024-03-28T06:00,7.4,2.8,0.0,3.5,97,63
2024-03-28T07:00,7.2,1.9,0.0,2.0,98,61
2024-03-28T08:00,7.4,0.7,0.0,7.9,98,53
2024-03-28T09:00,9.1,0.3,0.0,3.0,95,51
2024-03-28T10:00,9.2,0.8,0.0,7.3,96,53
2024-03-28T11:00,9.6,0.6,0.0,14.8,93,53
2024-03-28T12:00,9.8,0.5,0.0,14.2,92,53
2024-03-28T13:00,9.6,0.7,0.0,14.4,93,53
2024-03-28T14:00,9.4,0.8,0.0,18.1,93,53
2024-03-28T15:00,10.7,0.5,0.0,18.4,81,53
2024-03-28T16:00,10.3,0.2,0.0,13.3,87,51
2024-03-28T17:00,9.8,0.5,0.0,13.0,93,53
2024-03-28T18:00,9.4,0.4,0.0,10.9,93,51
2024-03-28T19:00,8.9,0.6,0.0,12.1,93,53
2024-03-28T20:00,8.2,0.5,0.0,11.3,93,53
2024-03-28T21:00,7.2,0.7,0.0,13.1,95,53
2024-03-28T22:00,7.2,0.4,0.0,13.4,94,51
2024-03-28T23:00,6.4,0.4,0.0,18.5,93,51
2024-03-29T00:00,5.5,0.3,0.0,21.8,84,51
2024-03-29T01:00,4.8,0.1,0.0,24.3,72,51
2024-03-29T02:00,4.9,0.0,0.0,21.4,57,3
2024-03-29T03:00,5.4,0.0,0.0,24.2,45,3
2024-03-29T04:00,5.6,0.0,0.0,24.1,38,3
2024-03-29T05:00,5.2,0.0,0.0,23.9,34,3
2024-03-29T06:00,4.4,0.0,0.0,24.2,37,3
2024-03-29T07:00,4.0,0.0,0.0,23.2,42,3
2024-03-29T08:00,4.3,0.0,0.0,22.7,49,3
2024-03-29T09:00,6.7,0.0,0.0,25.0,48,1
2024-03-29T10:00,8.3,0.0,0.0,26.0,44,0
2024-03-29T11:00,9.9,0.0,0.0,28.3,37,0
2024-03-29T12:00,10.8,0.0,0.0,29.3,36,0
2024-03-29T13:00,11.4,0.0,0.0,29.7,36,0
2024-03-29T14:00,12.2,0.0,0.0,28.7,33,0
2024-03-29T15:00,12.6,0.0,0.0,34.5,32,2
2024-03-29T16:00,12.0,0.0,0.0,33.6,34,1
2024-03-29T17:00,11.2,0.0,0.0,33.0,36,1
2024-03-29T18:00,10.0,0.0,0.0,32.1,38,0
2024-03-29T19:00,8.1,0.0,0.0,25.7,43,0
2024-03-29T20:00,6.7,0.0,0.0,23.4,45,0
2024-03-29T21:00,5.6,0.0,0.0,23.5,46,0
2024-03-29T22:00,4.7,0.0,0.0,19.6,49,0
2024-03-29T23:00,4.1,0.0,0.0,17.6,52,0
2024-03-30T00:00,3.6,0.0,0.0,14.5,55,0
2024-03-30T01:00,3.2,0.0,0.0,13.8,58,0
2024-03-30T02:00,3.1,0.0,0.0,18.7,58,0
2024-03-30T03:00,3.3,0.0,0.0,16.7,58,2
2024-03-30T04:00,3.3,0.0,0.0,15.0,59,3
2024-03-30T05:00,3.5,0.0,0.0,16.5,59,2
2024-03-30T06:00,3.0,0.0,0.0,17.3,61,2
2024-03-30T07:00,2.4,0.0,0.0,17.0,64,2
2024-03-30T08:00,3.4,0.0,0.0,20.8,58,0
2024-03-30T09:00,5.8,0.0,0.0,24.3,50,1
2024-03-30T10:00,6.8,0.0,0.0,21.9,48,2
2024-03-30T11:00,8.4,0.0,0.0,22.0,46,2
2024-03-30T12:00,10.2,0.0,0.0,21.7,43,3
2024-03-30T13:00,11.9,0.0,0.0,23.0,40,3
2024-03-30T14:00,13.4,0.0,0.0,22.2,37,3
2024-03-30T15:00,14.4,0.0,0.0,23.1,35,3
2024-03-30T16:00,14.6,0.0,0.0,23.9,34,3
2024-03-30T17:00,13.8,0.0,0.0,23.2,39,3
2024-03-30T18:00,13.0,0.0,0.0,17.7,42,3
2024-03-30T19:00,12.1,0.0,0.0,15.0,44,3
2024-03-30T20:00,11.4,0.0,0.0,13.1,51,3
2024-03-30T21:00,11.0,0.0,0.0,19.1,57,3
2024-03-30T22:00,9.8,0.1,0.0,11.7,69,51
2024-03-30T23:00,9.2,0.0,0.0,15.1,75,3
2024-03-31T00:00,8.8,0.0,0.0,15.0,79,3
2024-03-31T01:00,8.7,0.0,0.0,12.7,81,3
2024-03-31T02:00,8.6,0.2,0.0,12.5,83,51
2024-03-31T03:00,8.5,0.0,0.0,10.5,83,2
2024-03-31T04:00,7.3,0.0,0.0,10.7,85,0
2024-03-31T05:00,5.9,0.0,0.0,10.7,84,0
2024-03-31T06:00,4.9,0.0,0.0,10.6,80,1
2024-03-31T07:00,4.5,0.0,0.0,11.7,74,2
2024-03-31T08:00,6.0,0.0,0.0,13.5,68,2
2024-03-31T09:00,9.5,0.0,0.0,14.6,54,2
2024-03-31T10:00,11.3,0.0,0.0,13.8,47,3
2024-03-31T11:00,12.0,0.0,0.0,15.0,48,3
2024-03-31T12:00,13.3,0.0,0.0,18.6,48,2
2024-03-31T13:00,15.2,0.0,0.0,20.3,40,3
2024-03-31T14:00,15.3,0.0,0.0,18.8,39,0
2024-03-31T15:00,16.0,0.0,0.0,19.5,39,0
2024-03-31T16:00,16.2,0.0,0.0,20.1,38,3
2024-03-31T17:00,15.9,0.0,0.0,19.6,39,3
2024-03-31T18:00,14.9,0.0,0.0,14.5,44,3
2024-03-31T19:00,12.1,0.0,0.0,6.8,57,3
2024-03-31T20:00,10.1,0.0,0.0,8.9,61,3
2024-03-31T21:00,10.1,0.0,0.0,12.6,57,3
2024-03-31T22:00,8.7,0.0,0.0,10.3,62,3
2024-03-31T23:00,7.4,0.0,0.0,7.6,69,3
